mid,publish_time,user_name,user_link,content,source,location_url,location_name,image_urls,weibo_link,forward_num,comment_num,like_num
4786868803342993,2022-07-02 19:38,张哥氪四大,https://weibo.com/7313126012?refer_flag=1001030103_,#阿里女员工案被告张某将上诉# 被判刑的是供应商张某，阿里女原本不是告他的，告的是同事王某某，结果警察查案，发现王某某不构成犯罪，反而发现了被阿里女主动叫过去主动给开门的供应商张某，然后阿里女改口又告了张某，才有了今天判决 ​,HUAWEI Mate 40,,,,https://weibo.com/7313126012/LArQYe1Ff?refer_flag=1001030103_,0,5,6
4785555421003886,2022-06-29 04:39,男女平权,https://weibo.com/6105983411?refer_flag=1001030103_,#阿里女员工被侵害案关键证据披露# #阿里女员工被侵害案采取测谎辅助手段# #阿里女员工案被告张某将上诉#,iPhone客户端,,,,https://weibo.com/6105983411/LzTGC4d9I?refer_flag=1001030103_,0,0,1
4785420178559245,2022-06-28 19:42,东方神秘大国,https://weibo.com/5527589636?refer_flag=1001030103_,#阿里女员工案被告张某将上诉##阿里女员工被侵害案#,华为Mate30E Pro 5G,,,,https://weibo.com/5527589636/LzQatzUEl?refer_flag=1001030103_,0,0,0
4784071101646408,2022-06-25 02:21,沐名而来530,https://weibo.com/7507877418?refer_flag=1001030103_,#阿里女员工案被告张某将上诉#这个案子影响可能远远超过爱情的本身。经过这个案子之后，让我们见识了舆论是怎么影响司法的？还有就是企业中规中矩的攻关，可能也经受不住舆论的压力。另外一点，这个事情对未来女性就业有着非常大的负面影响。 ​,HUAWEI Mate 30 5G,,,,https://weibo.com/7507877418/Lzh4y6UiY?refer_flag=1001030103_,0,0,0
4784030525949876,2022-06-24 23:40,安徽治安在线,https://weibo.com/2406790612?refer_flag=1001030103_,#张国强制猥亵案一审宣判#//@中国警方在线:张国当庭提出上诉。#张国强制猥亵案一审宣判##阿里女员工案被告张某将上诉#,iPhone客户端,,,https://wx1.sinaimg.cn/orj360/002xAdBtly1h3gsxj5yq7j60jf0d5q4o02.jpg,https://weibo.com/2406790612/Lzg16oXPK?refer_flag=1001030103_,0,0,0
4783861545830043,2022-06-24 12:28,心来观海007-张律,https://weibo.com/1789545365?refer_flag=1001030103_,支持上诉，但翻案的可能性很小。#侵害阿里女员工嫌疑人涉嫌强制猥亵# 【#阿里女员工案被告张某将上诉# 当事女子周某：很委屈难过】#阿里女员工案当事女子称很委屈# 6月22日，济南市槐荫区人民法院依法对张国强制猥亵案一审宣判，以强制猥亵罪判处张国有期徒刑一年六个月。22日上午，当事女士周某表示，刚从新闻上看到判决结果，“不知道怎么形容自己现在的感受，这封判决书，我等了太久太久……很委屈，很难过，但没有人与我共情”。与此同时，被告人张某妻子纪女士表示，不服该判决，将上诉。O网页链接 #阿里女员工案被告张某被判1年半##张国强制猥亵案一审宣判# 相关视频：L封面新闻的微博视频 #情况通报##高考加油##蓝v视界# 收起d,iPhone 11(黑色),,,,https://weibo.com/1789545365/LzbCyosEX?refer_flag=1001030103_,0,0,0
4783843099283079,2022-06-24 11:15,小昊village,https://weibo.com/3432921344?refer_flag=1001030103_,#阿里女员工案被告张某将上诉#上诉肯定赢不了。这一年半的刑期就是给上诉留出来的。张某妻子没有第一时间小作文，等人被刑拘了再出来已经晚了。刑拘以后公检法已经被绑上车，再翻案都要担责任，所谓有错抓的没有错放的。现在就是女拳舆论造势，利用国内法律维稳为先的特点，先把公检法绑上车，自己就可以撤了。剩下的都不用自己做了。到如今的地步，再纠结原告周某出庭不出庭没有意义了，她就算良心发现，翻供张某都很难无罪，从张某被刑拘，这已经不是周某和张某的事，而是司法体系和张某之间的事。纠正司法体系以维稳为先的弊病，加强公检法之间互相制约监督才是这种事的解决之道。 收起d,Redmi K20 Pro 尊享版,,,,https://weibo.com/3432921344/Lzb8NCWX5?refer_flag=1001030103_,0,0,1
4783833515297631,2022-06-24 10:37,细雨大大,https://weibo.com/5866120694?refer_flag=1001030103_,#阿里女员工案被告张某将上诉#仔细看了网传的某书（不敢贴图），一是里面有一个重要的但和警方通报完全矛盾的地方；二是张某不承认已经签了的认罪书，当庭翻供！三是周某主动劝了张某白酒，但周某干杯了张某没喝干！四是张某没有房卡，应该是周某自己给开的门，而且没穿内衣；五是说明了网传的照片为另一张姓男子所拍；六是没有提及谁买单。 收起d,iPhone 12 Pro(石墨色),,,,https://weibo.com/5866120694/LzaTlme9F?refer_flag=1001030103_,0,1,1
4783667304729412,2022-06-23 23:37,中访网财观,https://weibo.com/7647895119?refer_flag=1001030103_,【#阿里女员工案张某妻子回应判决#：有证人能证明周某当时清醒，她发的小作文造成社会影响】6月22日，“阿里女员工案”一审宣判， 嫌犯张国以强制猥亵罪判处有期徒刑一年六个月。对此，@阿里女员工案张某妻子 表示，当时在庭上都抽搐了，会上诉到底。她说，法院认定周某不知道反抗了，但是有证人可以证明周某是清醒的。她表示，是因为#法院认定张国无认罪悔罪表现#和周某发的小作文造成的社会影响，丈夫才被判刑1年半。#阿里女员工案被告张某将上诉#@九派新闻 L九派新闻的微博视频 收起d,微博视频号,,,,https://weibo.com/7647895119/Lz6zgjQkQ?refer_flag=1001030103_,0,0,0
4783606348383453,2022-06-23 19:34,小仙女手上的星星棒,https://weibo.com/2414113525?refer_flag=1001030103_,#阿里女员工案被告张某将上诉#证据链完整吗?阿里周某为何谎话连篇！！！！ ​,微博搜索,,,,https://weibo.com/2414113525/Lz4YWzaUZ?refer_flag=1001030103_,0,0,0
4783529789756886,2022-06-23 14:30,雨声·声声慢,https://weibo.com/1762684490?refer_flag=1001030103_,#阿里女员工案被告张某将上诉#张某一睁眼，自己正躺在自家床上，一模口袋，是一条胖次。穿越了！一看表，O7月28日12:30分 ，还有4分钟周某就要报警了。如何逆风翻盘？ ​,iPhone客户端,,,,https://weibo.com/1762684490/Lz2ZsEWd8?refer_flag=1001030103_,0,2,0
4783485850751504,2022-06-23 11:36,深圳镖客,https://weibo.com/5638642485?refer_flag=1001030103_,从阿里女员工周某流出的照片看，这种又丑又骚的女人，如果不主动脱裤子送上来，没有男人能看得上她，无非就是送上门的便宜不占白不占，总比去精油打．飞．机强吧？系紧裤腰带很重要！ ​​​#阿里女员工案被告张某将上诉# ​,iPhone 12,,,,https://weibo.com/5638642485/Lz1QB39v2?refer_flag=1001030103_,1,0,0
4783481287346256,2022-06-23 11:17,三言财经,https://weibo.com/6476628742?refer_flag=1001030103_,“阿里女员工”案被告张某妻子：将坚决上诉到底。#阿里女员工案被告张某将上诉# L三言财经的微博视频 ​,微博视频号,,,,https://weibo.com/6476628742/Lz1JeuP60?refer_flag=1001030103_,0,0,2
4783469270140693,2022-06-23 10:30,发现济南,https://weibo.com/1460897267?refer_flag=1001030103_,#阿里女员工案当事女子称很委屈#【#阿里女员工案被告张某将上诉# 当事女子周某：很委屈难过】#阿里女员工案当事女子称很委屈# 6月22日，济南市槐荫区人民法院依法对张国强制猥亵案一审宣判，以强制猥亵罪判处张国有期徒刑一年六个月。22日上午，当事女士周某表示，刚从新闻上看到判决结果，“不知道怎么形容自己现在的感受，这封判决书，我等了太久太久……很委屈，很难过，但没有人与我共情”。与此同时，被告人张某妻子纪女士表示，不服该判决，将上诉。O网页链接 #阿里女员工案被告张某被判1年半##张国强制猥亵案一审宣判# 相关视频：L封面新闻的微博视频 收起d,微博视频号,,,,https://weibo.com/1460897267/Lz1pR0ABf?refer_flag=1001030103_,0,0,0
4783463717404741,2022-06-23 10:08,气势凌人的大虾,https://weibo.com/2632130537?refer_flag=1001030103_,#阿里女员工案被告张某将上诉#造孽，毁了两个家庭和一生。 ​,iPhone客户端,,,,https://weibo.com/2632130537/Lz1gTv4jj?refer_flag=1001030103_,0,0,1
4783377272799630,2022-06-23 04:24,赵宏民,https://weibo.com/1329201253?refer_flag=1001030103_,有关阿里巴巴女员工案，@王某文妻子 这段话说的很有深度，发人深省，阿里巴巴究竟有没有迫于舆论压力开除当事员工？#阿里女员工案被告张某将上诉# ​,,,,https://wx1.sinaimg.cn/orj360/4f3a0065ly1h3ho93s9unj21402nj7o6.jpg,https://weibo.com/1329201253/LyZ1tbKjk?refer_flag=1001030103_,4,42,90
4783349522235420,2022-06-23 02:34,立花正仁·,https://weibo.com/3137811311?refer_flag=1001030103_,#阿里女员工案被告张某将上诉#这个案子持续关注，如果是真的，那么绝不同情。如果跟货拉拉案一个德行，包括唐山老赖案，公检法真的是畸形。 ​,iPhone客户端,,,,https://weibo.com/3137811311/LyYiI9nxa?refer_flag=1001030103_,0,0,0
4783301955424097,2022-06-22 23:25,张里毅,https://weibo.com/1762571997?refer_flag=1001030103_,#阿里女员工案被告张某将上诉#写小作文的周莉不可能承认自己和张某情投意合，投怀送抱，承认了自己人设就坍塌了。周莉不承认上述~再加上即成的事实，两者当天发生的故事。济南公检法就有充分的理由判猥亵。周莉的态度摆着呢，济南公检法也不可能再去否定自己当初的行为（抓人，羁押）。张某现在的情况很不乐观，二审大概率维持原判。 收起d,iPhone客户端,,,,https://weibo.com/1762571997/LyX3ZmL3r?refer_flag=1001030103_,0,1,0
4783291998405222,2022-06-22 22:45,道不远人1977,https://weibo.com/5763139759?refer_flag=1001030103_,"#阿里女员工案被告张某将上诉#研究近现代史事件与人物，特别需要站在各方当事人视角看问题。但阿里案，完全无法与周某“共情”！太违反常理了！我现在最好奇的是，为什么大部分人都认为是a,而济南的几个法官偏认为是b.他们到底掌握了什么公众不知道的证据？他们到底引用了什么公众不知道的法律？或者，他们到底进行了什么公众意想不到的推理？我觉得法官应该借这个案子做一个普法工作，以维护法律的神圣性！ 收起d",HUAWEI P40 5G,,,,https://weibo.com/5763139759/LyWNVzgA6?refer_flag=1001030103_,0,0,0
4783287895331512,2022-06-22 22:29,L雨后茶香,https://weibo.com/1604451190?refer_flag=1001030103_,#阿里女员工案被告张某将上诉#抢唐山头条成功，罗总真还传刚刚落下帷幕，阿里女员工真相传又起续集 ​,荣耀 9X,,,,https://weibo.com/1604451190/LyWHjmmY8?refer_flag=1001030103_,0,0,2
4783286528510147,2022-06-22 22:24,大鲁讯,https://weibo.com/5616939264?refer_flag=1001030103_,【#阿里女员工案被告张某将上诉# 当事女子周某：很委屈难过】#阿里女员工案当事女子称很委屈# 6月22日，济南市槐荫区人民法院依法对张国强制猥亵案一审宣判，以强制猥亵罪判处张国有期徒刑一年六个月。22日上午，当事女士周某表示，刚从新闻上看到判决结果，“不知道怎么形容自己现在的感受，这封判决书，我等了太久太久……很委屈，很难过，但没有人与我共情”。与此同时，被告人张某妻子纪女士表示，不服该判决，将上诉。O网页链接 #阿里女员工案被告张某被判1年半##张国强制猥亵案一审宣判# 相关视频：L封面新闻的微博视频 收起d,微博视频号,,,,https://weibo.com/5616939264/LyWF6zHSr?refer_flag=1001030103_,0,0,0
4783286385380509,2022-06-22 22:23,beata浪花,https://weibo.com/5671489573?refer_flag=1001030103_,#阿里女员工案被告张某将上诉#我们捋一捋到底冤不冤：1、饭店有监控证实在饭局确实有猥亵！（张某妻提出让饭局同事作证周某主动靠近的，也不可能抹去饭店监控的录像事实）2、避孕套的透明包装袋已拆，说明有动机，但是没成功（周某可说进行了反抗）3、顺走内裤，说明有发生不可描述行为！法院判罚有这些证据够了！另外一个争议：王某冤不冤？王某第二天10点返回酒店前台，拿走避孕套扔掉！为何亲自跑一趟？他没登记这个酒店的入住信息，我猜测是怕周某退房时知道此事。当时还没有报警，周某也还在酒店。但是他们没有碰面。如果是你情我愿，应该没有这个担心，甚至可能再进周某房间。 收起d,iPhone客户端,,,,https://weibo.com/5671489573/LyWESmzIp?refer_flag=1001030103_,0,0,0
4783284611978665,2022-06-22 22:16,微博时事,https://weibo.com/3787126342?refer_flag=1001030103_,#阿里女员工案被告张某将上诉#,微博 weibo.com,,,,https://weibo.com/3787126342/LyWC18iJX?refer_flag=1001030103_,0,0,0
4783283873778645,2022-06-22 22:13,任宋丹,https://weibo.com/1635603160?refer_flag=1001030103_,#阿里女员工案被告张某将上诉# 当事女子周某：很委屈难过。“阿里女员工案”一审宣判，获刑1年半，其妻坚称丈夫被冤枉。被告人张某妻子纪女士表示，不服该判决，将上诉。 L任宋丹的微博视频 ​,微博视频号,,,,https://weibo.com/1635603160/LyWAPfQZT?refer_flag=1001030103_,1,1,4
4783275941565206,2022-06-22 21:41,关注公安微博,https://weibo.com/1661692882?refer_flag=1001030103_,#阿里女员工案被告张某将上诉# 又有续集了？#阿里女员工案被告张某被判1年半#L封面新闻的微博视频 ​,新版微博 weibo.com,,,,https://weibo.com/1661692882/LyWo26zbg?refer_flag=1001030103_,0,0,1
4783258761957431,2022-06-22 20:33,阿超_港媒视点,https://weibo.com/2473675252?refer_flag=1001030103_,【#阿里女员工案被告张某将上诉# 当事女子周某：很委屈难过】#阿里女员工案当事女子称很委屈# 6月22日，济南市槐荫区人民法院依法对张国强制猥亵案一审宣判，以强制猥亵罪判处张国有期徒刑一年六个月。22日上午，当事女士周某表示，刚从新闻上看到判决结果，“不知道怎么形容自己现在的感受，这封判决书，我等了太久太久……很委屈，很难过，但没有人与我共情”。与此同时，被告人张某妻子纪女士表示，不服该判决，将上诉。#阿里女员工案被告张某被判1年半##张国强制猥亵案一审宣判#L封面新闻的微博视频 收起d,微博视频号,,,,https://weibo.com/2473675252/LyVWk8ddt?refer_flag=1001030103_,1,0,1
4783256019667360,2022-06-22 20:22,湖上轻玉柳,https://weibo.com/7685181530?refer_flag=1001030103_,#阿里女员工案被告张某将上诉# 不懂就问:张某强制猥亵案，好像是法定可不公开审理范畴的吧？ ​,,,,https://wx3.sinaimg.cn/orj360/008o6eMOly1h3haf5kug6j30u01lp78k.jpg,https://weibo.com/7685181530/LyVRTEyVa?refer_flag=1001030103_,1,5,6
4783245793691429,2022-06-22 19:42,日出深山_10237,https://weibo.com/6243908379?refer_flag=1001030103_,#阿里女员工案被告张某将上诉#我说过，谁先搅起舆情，谁就占尽先机。阿里女员工事件，刚开始舆论是齐刷刷同情这位女员工的。即便后来有人发现诸多疑点，但这种后发的声音，难以形成气候，再也不可能盖过此前的声音。法官断案要注重社会效果，什么是社会效果？“大多数”人的声音，就是社会效果。所以，法官也怕惹众怒，所以，才会出现舆情裹挟法律。我觉得，张某很冤。1，女员工本来告的是上司周某，而且刚开始并不想报案，只想闹舆情，给其施压，内心可能有其他目的。没成想，歪打正着让张某进去了，其上司反而没事，滑稽吧？2，什么被迫出差，事实证明，女员工说了很多谎，她的话，都不可信。但法官必须采信的是，女员工说当时酒醉，就只能醉了，其实，醉没醉只有她自己知道。即便是女员工存在勾引，张某众目睽睽之下摸女员工可能是两厢情愿。但一个“醉”字，让张某无法洗脱。酷似未成年人性侵案，不管被侵害方是否愿意，实施者肯定有罪，这事真有点说不清。3，上诉不加刑，张某当然要上诉。改判意味着一审法院有错，但引起如此舆情的案件，你要一审法官认错很难。所以，张某就等着维持原判吧。二审需要一个过程，再加上已经被关一年多。等到二审宣判，张某刑期就满了，法官也算对这件事交差了。张某认命吧。#阿里女员工案被告张某被判1年半##阿里女员工案当事女子称很委屈#@阿里女员工案张某妻子 收起d,微博搜索,,,,https://weibo.com/6243908379/LyVBpfujb?refer_flag=1001030103_,1,25,68
4783240051430398,2022-06-22 19:19,次一改修年一户用,https://weibo.com/3976444636?refer_flag=1001030103_,#阿里女员工案被告张某将上诉#张某再不完美，也是受害者。不同情受害者，反而共情出轨诬告犯的我也是无语了。 ​,iPhone客户端,,,https://wx3.sinaimg.cn/orj360/ed03badcly1h3h8n6ugozj20ku0usdkd.jpg,https://weibo.com/3976444636/LyVs9606W?refer_flag=1001030103_,1,0,10
4783233327434883,2022-06-22 18:52,沙滩彩贝,https://weibo.com/1808915951?refer_flag=1001030103_,#阿里女员工案被告张某将上诉#当事女子周某说是很委屈难过，我觉得吧，很难过是真的，毕竟这段时间日子不好过，但是很委屈就有点莫名其妙了。 ​,iQOO Z1 5G性能先锋,,,,https://weibo.com/1808915951/LyVhivc9t?refer_flag=1001030103_,0,0,3
4783231951963144,2022-06-22 18:47,堂下包黑炭,https://weibo.com/2816798561?refer_flag=1001030103_,#阿里女员工案被告张某将上诉#一个人千万恨，终究一命，一个人千万难，难活一生 ​,iPhone 7 Plus,,,,https://weibo.com/2816798561/LyVf58eHC?refer_flag=1001030103_,0,0,0
4783223865609454,2022-06-22 18:15,楚少主,https://weibo.com/7306650050?refer_flag=1001030103_,#张国强制猥亵案一审被判1年6个月# 沉寂了快一年的阿里女员工案今天又翻新篇，被告人济南华联的张国，以强制猥亵罪一审获刑1年半。张国服不服？不服。法院判决书中明确显示，张国没有悔意，无认罪认罚。张国冤不冤，这个现在还不好说。法院认为他不冤，因为“证据确凿”，而他妻子认为冤，说他被人设套陷害。这起案件因为与大名鼎鼎的阿里有关而备受关注，又因为其涉嫌“性侵”敏感话题而受到舆论持续追踪。案件的整个过程可谓跌宕起伏，迷雾重重，反转反转再反转，活生生地演绎出一个中国版的“罗生门”。目前虽然案件基本上已经平息，但其衍生出的纠缠依然没有了结。包括这次对张国的猥亵指控以及张国妻子对女员工周某的反诉，是否能够随着一审的宣判而偃旗息鼓，现在还不好说，因为还不知道张国家人是否会上诉。另外，有些网民仍然认为，这个案件中张国是冤枉的，值得同情。因为有些细节从逻辑上说是矛盾的，比如周某酒桌上是“主动”靠在张国的腿上，张国第一次“猥亵”她后，第二天凌晨她又主动打电话联系张国，让他来自己所住的宾馆房间，给了他第二次“猥亵”的机会。而且在事情曝光后，周某只字不提她与张国的这些所为。让人心生疑窦。也许这件案子永远都有解不开的疑团，也许有些“默契”只有相关的人才能心照不宣，冤还是不冤，这要看是谁从哪个角度看。#阿里巴巴# #阿里女员工案被告张某将上诉# 收起d,新版微博 weibo.com,,,https://wx1.sinaimg.cn/orj360/007YtXsmgy1h3h0jrg11qj307t06ngmq.jpg,https://weibo.com/7306650050/LyV22nxh4?refer_flag=1001030103_,0,2,3
4783217952163951,2022-06-22 17:51,路遇前程,https://weibo.com/5580282878?refer_flag=1001030103_,#阿里女员工案被告张某将上诉#想要占便宜终将作茧自缚 ​,iPhone客户端,,,,https://weibo.com/5580282878/LyUSv94Wr?refer_flag=1001030103_,0,0,0
4783216366717014,2022-06-22 17:45,Mr_Anthropocene,https://weibo.com/7096823599?refer_flag=1001030103_,#阿里女员工案被告张某将上诉#比舆论干预司法更可怕的是只有一部分人的舆论能干预司法 ​,nova7SE 5G你在焦点在,,,,https://weibo.com/7096823599/LyUPWsboW?refer_flag=1001030103_,0,0,7
4783213123472776,2022-06-22 17:32,万源警事,https://weibo.com/1925015547?refer_flag=1001030103_,//@中国警方在线:张国当庭提出上诉。#张国强制猥亵案一审宣判##阿里女员工案被告张某将上诉#,小米11 Pro,,,https://wx1.sinaimg.cn/orj360/002xAdBtly1h3gsxj5yq7j60jf0d5q4o02.jpg,https://weibo.com/1925015547/LyUKIezqw?refer_flag=1001030103_,0,0,0
4783212330746043,2022-06-22 17:29,从前有个人叫莫大无,https://weibo.com/5660361172?refer_flag=1001030103_,#阿里女员工案被告张某将上诉# 我想，这个案子判决的定性是一码归一码，尽管发生的事情前后有延续性，也有一定的因果关系，但是相互之间的因果性不会影响单个独立事件的定性。周某有没有主动挑逗张某，与张某违背妇女意愿强制猥亵周某这两件事是既关联又相互独立的，无论前因后果如何，张某强制猥亵这个行为是确实存在的，那么张某就必须要为自己的违法行为负责，要接受法律的惩罚。这个行为的定性不会因为周某的行为、动机以及王某文的行为而发生改变。这一点应该是法院判决的主要基础之一。这也是张某及其家人要理解的一点，尽管很难接受甚至无法接受。张某的违法行为是确凿的，公众有对他鸣不平的现象是因为他的遭遇让人遗憾，周某曝光王某文事件最终主菜和下酒菜都没吃成，反而饭前上的那一碟花生米成了主菜。法律保护了不完美的受害者，我觉得是法制的进步。 收起d,微博搜索,,,,https://weibo.com/5660361172/LyUJr384X?refer_flag=1001030103_,0,2,3
4783208019002852,2022-06-22 17:12,鳞鳞爱摩卡,https://weibo.com/7732088662?refer_flag=1001030103_,#阿里女员工案被告张某将上诉# 周某小作文造黄谣不也应该赔礼道歉嘛？最惨的还是张某的原配 ​,iPhone客户端,,,,https://weibo.com/7732088662/LyUCtBM3i?refer_flag=1001030103_,0,2,3
4783206601328511,2022-06-22 17:06,悦蜜方,https://weibo.com/2931516563?refer_flag=1001030103_,#阿里女员工案被告张某将上诉#周女是下头女这个张某老婆更下头偷腥男人也捞，不嫌恶心啊真的是zha男最喜欢的老婆类型能不能开除女籍啊不女拳，只觉得这女的jian的没下线，什么情况都捞、 ​,悦蜜方のiPhone客户端,,,,https://weibo.com/2931516563/LyUAc5zBB?refer_flag=1001030103_,1,10,12
4783206002068076,2022-06-22 17:04,shabileaveme,https://weibo.com/3882861882?refer_flag=1001030103_,#阿里女员工案被告张某将上诉#上诉是他的权利没什么好说的。。但是，每每有这类事情发生，女的就会被荡妇羞辱，仿佛只要证明她不检点她就该被侵害，或者证明她不是完美受害者加害人就能脱罪。真的很叫人无语。大清亡了百年，女性依然艰难。 ​,Xiaomi Civi,,,,https://weibo.com/3882861882/LyUze8G04?refer_flag=1001030103_,0,0,5
4783204478748582,2022-06-22 16:57,南国今报,https://weibo.com/1315590387?refer_flag=1001030103_,【#阿里女员工案被告张某将上诉# 当事女子周某：很委屈难过】#阿里女员工案当事女子称很委屈# 6月22日，济南市槐荫区人民法院依法对张国强制猥亵案一审宣判，以强制猥亵罪判处张国有期徒刑一年六个月。22日上午，当事女士周某表示，刚从新闻上看到判决结果，“不知道怎么形容自己现在的感受，这封判决书，我等了太久太久……很委屈，很难过，但没有人与我共情”。与此同时，被告人张某妻子纪女士表示，不服该判决，将上诉。（封面新闻） 收起d,微博 weibo.com,,,https://wx2.sinaimg.cn/orj360/4e6a50f3gy1h3h4k2cycqj20k60ghwi2.jpg,https://weibo.com/1315590387/LyUwLAHUa?refer_flag=1001030103_,0,1,0
4783204340861568,2022-06-22 16:57,恩佑一轩,https://weibo.com/1369478193?refer_flag=1001030103_,上诉？毛。入刑都快一年了，好运早没了。早上带避孕套去女的酒店房间待了一个多小时就说不清（郭德纲讲评书提到过一句话，奸出妇人口→就算是女的打电话🤳让你去酒店→你去了→就是想捡漏。房间里没外人。）//@中国警方在线:张国当庭提出上诉。#张国强制猥亵案一审宣判##阿里女员工案被告张某将上诉#,小米11,,,https://wx1.sinaimg.cn/orj360/002xAdBtly1h3gsxj5yq7j60jf0d5q4o02.jpg,https://weibo.com/1369478193/LyUwy3C8g?refer_flag=1001030103_,0,0,0
4783203791145005,2022-06-22 16:55,朗普特理财,https://weibo.com/6748462125?refer_flag=1001030103_,#阿里女员工案被告张某被判1年半#这件事终于告一段落了。下图网友的评论，案子依然很有争议，公说公有理，婆说婆有理 #阿里女员工案被告张某将上诉# ​,Android,,,https://wx1.sinaimg.cn/orj360/007mHRhjgy1h3h4g8ox4jj30u01t0n3q.jpg https://wx4.sinaimg.cn/orj360/007mHRhjgy1h3h4g9eco4j30u01t07aj.jpg,https://weibo.com/6748462125/LyUvF4NRP?refer_flag=1001030103_,3,34,118
4783202159821896,2022-06-22 16:48,熏一衣,https://weibo.com/6854779573?refer_flag=1001030103_,#阿里女员工案被告张某将上诉#比舆论干预司法更可怕的是只有一部分人的舆论能干预司法 ​,HUAWEI Mate 20 Pro,,,,https://weibo.com/6854779573/LyUt1Fd7G?refer_flag=1001030103_,0,0,0
4783199237179764,2022-06-22 16:37,三言财经,https://weibo.com/6476628742?refer_flag=1001030103_,#阿里女员工案被告张某将上诉# #阿里女员工案被告张某被判1年半# 【“阿里女员工”案被告张某妻子：将坚决上诉到底】今日，针对“阿里女员工被侵害”案被告人张国以强制猥亵罪被判有期徒刑一年六个月一事，其妻子在微博上发声称将坚决上诉。张国妻子称，自己收到短信通知是“公开开庭宣判”，但实际只允许2位近亲属进入旁听。然而，张国妻子称，在法庭中却坐着六七位陌生人以近亲属身份带着旁听证旁听。此外，她还认为，判刑一年半是连二审时间也计算在内，这样二审结束后要求再审的几率几乎为零。法官判决的刑期非常微妙，“几乎让案子合法的变成铁案”。今日，济南市槐荫区人民法院依法对“阿里女员工被侵害”被告人张国强制猥亵案一审公开宣判，以强制猥亵罪判处被告人张国有期徒刑一年六个月。最后，张国妻子再次强调会坚决上诉到底。全文O网页链接 收起d,微博 weibo.com,,,https://wx3.sinaimg.cn/orj360/0074jgZUly1h3h3ybz8s9j30ku1p5wl0.jpg,https://weibo.com/6476628742/LyUoju7ME?refer_flag=1001030103_,0,0,0
4783197307536073,2022-06-22 16:29,遛弯也算运动,https://weibo.com/7313070841?refer_flag=1001030103_,#阿里女员工案被告张某将上诉#不管是qj还是猥亵，这个男的都确确实实出轨偷情了真是不明白这个妻子咋还要上诉呢？不嫌丢脸吗？我要是有个这种样的老公，我先跟他断了，哪里还会这么闹 ​,nova7SE 5G你在焦点在,,,,https://weibo.com/7313070841/LyUlcvCtz?refer_flag=1001030103_,0,23,26
4783197043034576,2022-06-22 16:28,苍龙飞天79,https://weibo.com/3176105483?refer_flag=1001030103_,【#阿里女员工案被告张某将上诉# 当事女子周某：很委屈难过】#阿里女员工案当事女子称很委屈# 6月22日，济南市槐荫区人民法院依法对张国强制猥亵案一审宣判，以强制猥亵罪判处张国有期徒刑一年六个月。22日上午，当事女士周某表示，刚从新闻上看到判决结果，“不知道怎么形容自己现在的感受，这封判决书，我等了太久太久……很委屈，很难过，但没有人与我共情”。与此同时，被告人张某妻子纪女士表示，不服该判决，将上诉。O网页链接 #阿里女员工案被告张某被判1年半##张国强制猥亵案一审宣判# 相关视频：L封面新闻的微博视频 收起d,微博视频号,,,,https://weibo.com/3176105483/LyUkMcJqM?refer_flag=1001030103_,1,0,1
4783196590313255,2022-06-22 16:26,赵宏民,https://weibo.com/1329201253?refer_flag=1001030103_,#阿里女员工案被告张某将上诉##阿里女员工案当事女子称很委屈#这个事以后还是少跟了，水太深了。 ​,,,,,https://weibo.com/1329201253/LyUk31juv?refer_flag=1001030103_,0,2,8
4783196359102779,2022-06-22 16:25,木辛瞳,https://weibo.com/7623834762?refer_flag=1001030103_,#阿里女员工案被告张某将上诉# 张某妻子这一年来一直在帮自己丈夫维权，我个人觉得她真的是太可怜了。自己老公犯事背叛自己，还要为了家庭利益忍辱负重，跟丈夫共进退。在山东，如果父母背了案底，那孩子会低人一头了。毕竟山东考编风气很浓烈，有些地方朋友还调侃没编说不能上正桌吃饭，如果考上公务员，都要去祖坟放鞭炮，总之父母有案底，基本就没有机会考公当兵。现在的情况就是张某妻子已经羁押一年了，现在审判一年半时间，如果张某认罪，那么很快就可以释放出来，我总感觉这个判决一年半的操作很无语，这事舆论影响太大了，法官也是左右为难。#微博新知博主# 收起d,新版微博 weibo.com,,,,https://weibo.com/7623834762/LyUjFCc31?refer_flag=1001030103_,4,3,7
4783195926826861,2022-06-22 16:23,环江网警巡查执法,https://weibo.com/3568542023?refer_flag=1001030103_,//@中国警方在线: 张国当庭提出上诉。#张国强制猥亵案一审宣判##阿里女员工案被告张某将上诉#,微博 weibo.com,,,https://wx1.sinaimg.cn/orj360/002xAdBtly1h3gsxj5yq7j60jf0d5q4o02.jpg,https://weibo.com/3568542023/LyUiYsDYF?refer_flag=1001030103_,0,0,0
4783195730480998,2022-06-22 16:23,该死的甲虫,https://weibo.com/7764930245?refer_flag=1001030103_,#阿里女员工案被告张某将上诉#异性喝酒前请打开专业的摄像机，至少六个机位 ​,iPhone客户端,,,,https://weibo.com/7764930245/LyUiF2182?refer_flag=1001030103_,0,0,0
4783194564461208,2022-06-22 16:18,女诬永不受伤的世界,https://weibo.com/7568020284?refer_flag=1001030103_,朱军有话说【我管的挺好的，但是，我被央视雪藏多年】，小仙女不管住诬告的心，光一方管住下半身有什么用。//@一都阿叔:管住下半身才能过好下半生//@牧键:守牢下半身，幸福下半生。#阿里女员工案被告张某将上诉#,iPhone客户端,,,https://wx2.sinaimg.cn/orj360/814cfe99gy1h3h0baxuinj20qo174wq0.jpg https://wx1.sinaimg.cn/orj360/814cfe99gy1h3h0bbe39lj20qo0xq7az.jpg,https://weibo.com/7568020284/LyUgMiIyY?refer_flag=1001030103_,0,0,0
4783193460573025,2022-06-22 16:14,战将妖哥,https://weibo.com/6681503244?refer_flag=1001030103_,【#张国妻子发声#：#阿里女员工案被告张某将上诉#】6月22日，山东济南槐荫区法院对被告人张国强制猥亵案一审宣判，以强制猥亵罪判处张国有期徒刑一年六个月。#张国无认罪和悔罪表现# 澎湃新闻从张国妻子和参与庭审人士处获悉，张国当庭提出上诉。L澎湃新闻的微博视频 ​​​,微博视频号,,,,https://weibo.com/6681503244/LyUf02p4l?refer_flag=1001030103_,0,0,3
4783192836147813,2022-06-22 16:11,胡立宛,https://weibo.com/5354113305?refer_flag=1001030103_,#阿里女员工案被告张某将上诉#不是老有人说“苍蝇不叮无缝的蛋”么 ​,iPhone客户端,,,,https://weibo.com/5354113305/LyUdZpNkh?refer_flag=1001030103_,0,0,2
4783192004888692,2022-06-22 16:08,一都阿叔,https://weibo.com/2264635847?refer_flag=1001030103_,管住下半身才能过好下半生//@牧键:守牢下半身，幸福下半生。#阿里女员工案被告张某将上诉#,民间评论员HarmonyOS设备,,,https://wx2.sinaimg.cn/orj360/814cfe99gy1h3h0baxuinj20qo174wq0.jpg https://wx1.sinaimg.cn/orj360/814cfe99gy1h3h0bbe39lj20qo0xq7az.jpg,https://weibo.com/2264635847/LyUcEkvLS?refer_flag=1001030103_,1,0,0
4783190600845726,2022-06-22 16:02,赵宏民,https://weibo.com/1329201253?refer_flag=1001030103_,#阿里女员工案被告张某将上诉#事情的走向越来越复杂了，张国被判1年半，原阿里女员工周女士得知以后表示，刚从新闻上看到判决结果，“不知道怎么形容自己现在的感受，这封判决书，我等了太久太久……很委屈，很难过，但没有人与我共情”。张国妻子纪女士表示不服该判决，将上诉。事情从原来的很清晰，网友也都知道该支持谁，如今基本看不太懂了，让一切交给时间吧。 收起d,,,,https://wx1.sinaimg.cn/thumb150/4f3a0065ly1h3h2uliu27j20u0140jyk.jpg https://wx4.sinaimg.cn/thumb150/4f3a0065ly1h3h2um1m4zj20u01k311s.jpg https://wx3.sinaimg.cn/thumb150/4f3a0065ly1h3h2umm7o3j21po0tw4a1.jpg,https://weibo.com/1329201253/LyUao3y0K?refer_flag=1001030103_,0,2,4
4783190122958348,2022-06-22 16:00,越减越肥的加菲猫,https://weibo.com/1040021535?refer_flag=1001030103_,#阿里女员工案被告张某将上诉#呵呵 ​,iPad mini,,,,https://weibo.com/1040021535/LyU9CcpBi?refer_flag=1001030103_,0,0,0
4783189959377216,2022-06-22 16:00,-想不起来就算了,https://weibo.com/1988102885?refer_flag=1001030103_,#阿里女员工案被告张某将上诉# 在这个话题里拉黑男人，以后婚恋少走弯路 ​,iPhone客户端,,,,https://weibo.com/1988102885/LyU9lDlrq?refer_flag=1001030103_,0,0,0
4783189892009834,2022-06-22 16:00,黑金美式,https://weibo.com/7324283222?refer_flag=1001030103_,#阿里女员工案被告张某将上诉#麻烦公布一下判决吧，@阿里女员工案张某妻子 ，看看是不是像法院说的事实清楚，证据确实、充分。不然，我们围观群众都不知道谁占理？ ​,iPhone客户端,,,,https://weibo.com/7324283222/LyU9f8qQG?refer_flag=1001030103_,0,3,5
4783188876201100,2022-06-22 15:55,消费大嘴巴,https://weibo.com/7628575891?refer_flag=1001030103_,【#阿里女员工案被告张某被判1年半# 】#阿里女员工案被告张某将上诉# 2022年6月22日，济南市槐荫区人民法院依法对被告人张国强制猥亵案一审公开宣判，以强制猥亵罪判处被告人张国有期徒刑一年六个月↓#阿里女员工案当事女子称很委屈#  O“阿里女员工遭强制猥亵案”宣判：张国一审判刑一年半 ​,微博 weibo.com,,,,https://weibo.com/7628575891/LyU7Bq1bK?refer_flag=1001030103_,0,0,13
4783188675140740,2022-06-22 15:55,银河办事处排队不等位,https://weibo.com/5443562813?refer_flag=1001030103_,#阿里女员工案被告张某将上诉#法院都判了一年半一帮人还跳脚呢，不是相信国家相信党嘛，法院判了就证明这个男人确实犯罪了啊，在这里质疑的人是抱着什么目的呢质疑我们的司法 ​,微博搜索,,,,https://weibo.com/5443562813/LyU7hlzla?refer_flag=1001030103_,0,0,1
4783188565557981,2022-06-22 15:54,中访网财观,https://weibo.com/7647895119?refer_flag=1001030103_,【#阿里女员工案被告张某将上诉# 当事女子周某：很委屈难过】6月22日，济南市槐荫区人民法院依法对张国强制猥亵案一审宣判，以强制猥亵罪判处张国有期徒刑一年六个月。22日上午，当事女士周某表示，刚从新闻上看到判决结果，“不知道怎么形容自己现在的感受，这封判决书，我等了太久太久……很委屈，很难过，但没有人与我共情”。与此同时，被告人张某妻子纪女士表示，不服该判决，将上诉。O网页链接 #阿里女员工案被告张某被判1年半##张国强制猥亵案一审宣判# L封面新闻的微博视频 收起d,微博视频号,,,,https://weibo.com/7647895119/LyU76njSR?refer_flag=1001030103_,0,0,0
4783188188073141,2022-06-22 15:53,北京商报,https://weibo.com/1988645095?refer_flag=1001030103_,【“阿里女员工遭强制猥亵案”宣判：#阿里女员工案被告张某被判1年半#】2022年6月22日，济南市槐荫区人民法院依法对被告人#张国强制猥亵案一审宣判#，以强制猥亵罪判处被告人张国有期徒刑一年六个月。法院经审理查明，2021年7月27日晚，张国在参与宴请时与被害人周某初次相识，趁周某醉酒之机，在餐厅前台附近及包间内对周某实施猥亵行为。次日7时许，张国到周某所住酒店房间内又对周某实施猥亵行为。法院认为，被告人张国违背妇女意志，趁被害人醉酒之机猥亵被害人，其行为构成强制猥亵罪。公诉机关指控张国犯强制猥亵罪的事实清楚，证据确实、充分，指控罪名成立。张国无认罪、悔罪表现，应依法惩处。据此，法院遂作出上述判决。#阿里女员工案被告张某将上诉# O“阿里女员工遭强制猥亵案”宣判：张国一审判刑一年半 收起d,微博 weibo.com,,,,https://weibo.com/1988645095/LyU6uxSbX?refer_flag=1001030103_,0,1,1
4783187740592657,2022-06-22 15:51,香蕉没毛病,https://weibo.com/2039250863?refer_flag=1001030103_,#阿里女员工案被告张某将上诉# 这哥们儿太冤了！简直是比窦娥还冤！大家看看，这名阿里女为打开市场请一家商场的项目主管吃饭，餐桌上开怀畅饮外加投怀送抱，还趴在这男主管腿上浓情蜜意，深夜还打电话让这个男主管去她的房间探望，都有电话记录可查，男主管克制住了自己的冲动没有去。第二天早上，这个女员工又发vx让这个男主管去她的房间，后来的事情大家都知道了，男主管去了，女员工状告这个男主管趁她醉酒猥亵！尽管男主管的妻子不断喊冤，但最终这个男主管还是被判了一年半徒刑，我觉得这哥们儿肯定会上诉！要不然这以后愿意不愿意，全凭女人一张嘴了呗！（就事儿论事，没有贬低女性的意思哦！） 收起d,香蕉说事超话,,,https://wx1.sinaimg.cn/orj360/798c7fafgy1h3h2mi1pwhj20j80oh41o.jpg,https://weibo.com/2039250863/LyU5M2uaZ?refer_flag=1001030103_,2,4,11
4783187442797041,2022-06-22 15:50,徐青勇,https://weibo.com/2488623404?refer_flag=1001030103_,【#阿里女员工案被告张某将上诉# 当事女子周某：很委屈难过】#阿里女员工案当事女子称很委屈# 6月22日，济南市槐荫区人民法院依法对张国强制猥亵案一审宣判，以强制猥亵罪判处张国有期徒刑一年六个月。22日上午，当事女士周某表示，刚从新闻上看到判决结果，“不知道怎么形容自己现在的感受，这封判决书，我等了太久太久……很委屈，很难过，但没有人与我共情”。与此同时，被告人张某妻子纪女士表示，不服该判决，将上诉。O网页链接 #阿里女员工案被告张某被判1年半##张国强制猥亵案一审宣判# 相关视频：L封面新闻的微博视频 收起d,微博视频号,,,,https://weibo.com/2488623404/LyU5ibJDz?refer_flag=1001030103_,0,0,0
4783186620451156,2022-06-22 15:47,华商网,https://weibo.com/1644855075?refer_flag=1001030103_,【#阿里女员工案被告张某将上诉# 当事女子周某：很委屈难过】#阿里女员工案当事女子称很委屈# 6月22日，济南市槐荫区人民法院依法对张国强制猥亵案一审宣判，以强制猥亵罪判处张国有期徒刑一年六个月。22日上午，当事女士周某表示，刚从新闻上看到判决结果，“不知道怎么形容自己现在的感受，这封判决书，我等了太久太久……很委屈，很难过，但没有人与我共情”。与此同时，被告人张某妻子纪女士表示，不服该判决，将上诉。L封面新闻的微博视频 收起d,微博视频号,,,,https://weibo.com/1644855075/LyU3Y1TmI?refer_flag=1001030103_,0,1,4
4783186594499688,2022-06-22 15:46,Wang屁达不溜,https://weibo.com/5595718677?refer_flag=1001030103_,#阿里女员工案被告张某将上诉#证据确凿，凿在哪呢？ ​,HUAWEI Mate 20,,,,https://weibo.com/5595718677/LyU3ViSzC?refer_flag=1001030103_,0,0,0
4783186355423858,2022-06-22 15:45,早安哥ssr,https://weibo.com/7465429677?refer_flag=1001030103_,#阿里女员工案被告张某将上诉#说明以后有人让你去她的房间，你得准备一个摄像头，保留证据，利好91 ​,iPhone客户端,,,,https://weibo.com/7465429677/LyU3xmKZA?refer_flag=1001030103_,0,1,2
4783185484056840,2022-06-22 15:42,地下室就是用来放垃圾的吖,https://weibo.com/5618279681?refer_flag=1001030103_,#阿里女员工案被告张某将上诉#就不认罪就关到你认罪为止呗？是不是这样判的嗷？这法官也太好当了吧，有点中世纪随便找个女的说她是女巫绑起来烧死的味道了 ​,Android,,,,https://weibo.com/5618279681/LyU28h1mU?refer_flag=1001030103_,0,0,7
4783185307373394,2022-06-22 15:41,赛米老狮,https://weibo.com/7511244709?refer_flag=1001030103_,#阿里女员工案被告张某将上诉#男人没事别出去瞎吃饭，吃饭了别瞎喝酒，喝完酒别瞎碰女人，趁着清醒赶紧回家别TM瞎逛，一撒欢了，全是祸…… ​,HUAWEI P40 Pro 5G,,,https://wx1.sinaimg.cn/orj360/008ckpSdly1h3h29fk2baj30qo174dq9.jpg,https://weibo.com/7511244709/LyU1QuW9I?refer_flag=1001030103_,0,0,2
4783185274343577,2022-06-22 15:41,寒珠,https://weibo.com/1306014463?refer_flag=1001030103_,基本上，只要女性公开曝光告性侵事件，就是看公众心证，根据自己在现实经历的事情，去选择相信谁？女性和男性看法肯定不一样。还是那句话“苍蝇不叮无缝蛋”…… 这种规训女人听了几千年。“君子不立危墙之下”……男人也该听听了。有没有被诬告冤枉的男人？肯定是有的，但是这个几率非常低，这个是有数据支持的。古代有一历法，叫“奸出妇人口”，意思是如果有女人把男人告上公堂，那么这个男人立刻被官府打死，不会去问，因为那个时候女人告奸夫是付出接近于生命的名誉代价。现在名誉代价虽然降低，但女方出来曝光控告无异于滚钉板，自损一千伤敌八百，自己也背负着舆论审视“被某某强X”的终身阴影。也奉劝下男人为了避免被诬告，君子不立危墙之下。不要和女人随便发生关系，不要白占便宜，不要碰醉酒女，发生了要么负责，要么自己摆平，要么坐牢。这个年头，男人也要洁身自好。不要占用公共舆论空间了。#阿里女员工案被告张某将上诉# 收起d,,,,,https://weibo.com/1306014463/LyU1NidXH?refer_flag=1001030103_,4,6,47
4783185211429129,2022-06-22 15:41,TV马上出发,https://weibo.com/1833552220?refer_flag=1001030103_,#阿里女员工案被告张某将上诉##阿里女员工案当事女子称很委屈# 6月22日，济南市槐荫区人民法院依法对张国强制猥亵案一审宣判，以强制猥亵罪判处张国有期徒刑一年六个月。22日上午，当事女士周某表示，刚从新闻上看到判决结果，“不知道怎么形容自己现在的感受，这封判决书，我等了太久太久……很委屈，很难过，但没有人与我共情”。与此同时，被告人张某妻子纪女士表示，不服该判决，将上诉。L封面新闻的微博视频 收起d,微博视频号,,,,https://weibo.com/1833552220/LyU1H5ZMt?refer_flag=1001030103_,0,0,0
4783185127278236,2022-06-22 15:41,永不消逝__,https://weibo.com/7598567178?refer_flag=1001030103_,#阿里女员工案被告张某将上诉#已经感觉到越来越严重的男女之间的矛盾了……估计以后还会有很多，女性越来越有话语权。 ​,,,,,https://weibo.com/7598567178/LyU1yuxoU?refer_flag=1001030103_,0,0,0
4783184753987941,2022-06-22 15:39,你我他三个人,https://weibo.com/6002183730?refer_flag=1001030103_,#阿里女员工案被告张某将上诉#法院还是公布一下所谓猥亵证据确凿是什么？从最近这一年网络上公布出来的证据看，这明明是一男一女在约炮，怎么会是猥亵呢？ ​,Android,,,,https://weibo.com/6002183730/LyU0XgJrD?refer_flag=1001030103_,0,2,3
4783184628155750,2022-06-22 15:39,嗷呜嗷呜咕噜噜,https://weibo.com/3592118857?refer_flag=1001030103_,#阿里女员工案被告张某将上诉#感觉好多人不太清楚这件事……简单的说【女方告的上司，进去的是供应商。】女方一开始告的是上司（前提是女的勾引过上司）上司四次进出她房间是送她回去。她说自己醉了，但是又打电话给同事，含糊说了一堆，同事不放心又打给了送她的上司，拜托上司上去看一下。上司一来，于是一来二去的，上司也上火了，买了套，但是还没到，他就走了。后来是下雨了，他伞落在那里又去拿了。女的又打电话给同事，同事又拜托了上司。有了前车之鉴，后来上司还跟同事开着视频去“确认”女方有没有事的。（这里我记得上司老婆有发过，具体不记得了，大概就是这个意思。女方说自己醉了，但是感觉清醒的很）第二天，上司去酒店前台把那天买的没拆封的套套扔了。上司的事就结束了。女方第二天叫了供应商，供应商带着套去了，两人待了几个小时。事后女方把供应商带来的套污蔑上司留的，自己的内裤也污蔑是上司拿的。故意隐瞒了供应商这一段。警方调查了酒店监控发现有供应商这么一段。她没法隐瞒了，就反告了供应商猥亵。供应商认为两人都是你情我愿的事，生气，所以不认。最可怜的？应该是女方老公才是 收起d,iPhone客户端,,,,https://weibo.com/3592118857/LyU0KydGm?refer_flag=1001030103_,1,3,16
4783184514911619,2022-06-22 15:38,小乔DAYTOY1005,https://weibo.com/1110253753?refer_flag=1001030103_,#阿里女员工案被告张某将上诉#笑了 告了同事王 客户（供应商？）张进去了 周🐮 ​,iPhone客户端,,,,https://weibo.com/1110253753/LyU0zkBJF?refer_flag=1001030103_,1,0,0
4783184421585458,2022-06-22 15:38,歌在弦上,https://weibo.com/2904500985?refer_flag=1001030103_,#阿里女员工案被告张某将上诉#上吧，如果输了，还能多判点嘛？ ​,iPhone客户端,,,,https://weibo.com/2904500985/LyU0q6ErU?refer_flag=1001030103_,0,0,1
4783183872131390,2022-06-22 15:36,唐家霸王枪cn,https://weibo.com/5841698061?refer_flag=1001030103_,#阿里女员工案被告张某将上诉#@唐家霸王枪cn：微博小仙女寄生工具男吃香喝辣😋，国男996拿命换钱戴绿帽最后，含冤入狱一命呜呼还被吃绝户 ​,iPad air,,,,https://weibo.com/5841698061/LyTZx8Wtg?refer_flag=1001030103_,0,0,6
4783183566211123,2022-06-22 15:34,遛弯也算运动,https://weibo.com/7313070841?refer_flag=1001030103_,#阿里女员工案被告张某将上诉#这男的不冤，他肯定占了便宜了，要不不会这么判。占了便宜还不判刑，想得美 ​,nova7SE 5G你在焦点在,,,,https://weibo.com/7313070841/LyTZ2q3Np?refer_flag=1001030103_,0,4,7
4783183541309082,2022-06-22 15:34,内江东兴公安,https://weibo.com/3547895232?refer_flag=1001030103_,//@内江高新公安://@中国警方在线:张国当庭提出上诉。#张国强制猥亵案一审宣判##阿里女员工案被告张某将上诉#,新版微博 weibo.com,,,https://wx1.sinaimg.cn/orj360/002xAdBtly1h3gsxj5yq7j60jf0d5q4o02.jpg,https://weibo.com/3547895232/LyTZ05uye?refer_flag=1001030103_,0,0,0
4783183398961915,2022-06-22 15:34,起名有点难难难,https://weibo.com/5543226963?refer_flag=1001030103_,#阿里女员工案被告张某将上诉#这标题棒啊，还以为是女员工被判刑了呢。 ​,OPPO Find X3 Pro,,,,https://weibo.com/5543226963/LyTYLBBp1?refer_flag=1001030103_,0,2,2
4783182921337442,2022-06-22 15:32,南风在北京,https://weibo.com/1403078180?refer_flag=1001030103_,#阿里女员工案被告张某将上诉#上诉是权利，当然支持！但是反过来一想，代价呢？对于普通人来说确实很难，别人和你耗着，给你耍手腕，是他们的工作，还能拿工资，但你耗得起吗？明哲保身也许是一种无奈的选择，半年之后重新开始吧！ ​,iPhone 6s Plus,,,https://wx4.sinaimg.cn/orj360/53a14624ly1h3h0ww0396j20yi1pc7wh.jpg,https://weibo.com/1403078180/LyTY05BVE?refer_flag=1001030103_,2,6,31
4783182576091177,2022-06-22 15:30,抱不住太阳的灬深海,https://weibo.com/5610698975?refer_flag=1001030103_,#阿里女员工案被告张某将上诉#检察院想了想，那总不能冤假错案吧，反正已经坐了300天，你承认猥亵，大家觉得你态度好，就判你300天，你刚好也坐完了，就两清了，对不对？结果你还不认？那你多坐半年吧！一介草民哪有法官大人乌纱帽重要？！ ​,微博搜索,,,,https://weibo.com/5610698975/LyTXrpyAN?refer_flag=1001030103_,0,0,0
4783181905530258,2022-06-22 15:28,湖上轻玉柳,https://weibo.com/7685181530?refer_flag=1001030103_,#阿里女员工案被告张某将上诉# 刚看了看张某家属的最新更新，果然，还是老调调: 司法不公，法院枉法判决。 ​,,,,,https://weibo.com/7685181530/LyTWmncFI?refer_flag=1001030103_,0,4,8
4783181745623819,2022-06-22 15:27,豪帅___,https://weibo.com/6209635049?refer_flag=1001030103_,#阿里女员工案被告张某将上诉#男的猥亵坐牢，女的造谣诽谤也坐牢，狗男女各打五十大板，挺好。 ​,iPhone客户端,,,,https://weibo.com/6209635049/LyTW6nB0L?refer_flag=1001030103_,0,0,1
4783181360794144,2022-06-22 15:26,指尖滨州,https://weibo.com/2838439347?refer_flag=1001030103_,#阿里女员工案被告张国妻子发声##张国当庭提出上诉#6月22日，山东济南槐荫区法院对被告人张国强制猥亵案一审宣判，以强制猥亵罪判处张国有期徒刑一年六个月。澎湃新闻从张国妻子和参与庭审人士处获悉，张国当庭提出上诉。#张国强制猥亵案一审宣判##阿里女员工案被告张某将上诉#@澎湃新闻 L澎湃新闻的微博视频 收起d,指尖滨州Android,,,,https://weibo.com/2838439347/LyTVu3kAM?refer_flag=1001030103_,0,0,0
4783181289751850,2022-06-22 15:25,车市观察V,https://weibo.com/1233914290?refer_flag=1001030103_,#阿里女员工案被告张某将上诉#清醒，知趣，明得失，知进退，人生之常态。 ​,,,,,https://weibo.com/1233914290/LyTVmEUTU?refer_flag=1001030103_,0,0,6
4783181226314241,2022-06-22 15:25,美丽开远,https://weibo.com/1797237782?refer_flag=1001030103_,【#阿里女员工案被告张某将上诉# 当事女子周某：很委屈难过】6月22日，济南市槐荫区人民法院依法对张国强制猥亵案一审宣判，以强制猥亵罪判处张国有期徒刑一年六个月。22日上午，当事女士周某表示，刚从新闻上看到判决结果，“不知道怎么形容自己现在的感受，这封判决书，我等了太久太久……很委屈，很难过，但没有人与我共情”。与此同时，被告人张某妻子纪女士表示，不服该判决，将上诉。@封面新闻 L封面新闻的微博视频 收起d,微博视频号,,,,https://weibo.com/1797237782/LyTVgquCB?refer_flag=1001030103_,0,0,0
4783181033115612,2022-06-22 15:24,刺猬_201507,https://weibo.com/5644021433?refer_flag=1001030103_,#阿里女员工案被告张某将上诉#这个曾经轰动一时又不断反转最后一地鸡毛的案子一审结果终于出来了，涉案人张某被判刑一年半。L封面新闻的微博视频 ​,微博视频号,,,,https://weibo.com/5644021433/LyTUXd4vO?refer_flag=1001030103_,0,0,1
4783181008471011,2022-06-22 15:24,郴州中院,https://weibo.com/3776183674?refer_flag=1001030103_,#阿里# 【#阿里女员工案被告张某将上诉# 当事女子周某：很委屈难过】#阿里女员工案当事女子称很委屈# 6月22日，济南市槐荫区人民法院依法对张国强制猥亵案一审宣判，以强制猥亵罪判处张国有期徒刑一年六个月。22日上午，当事女士周某表示，刚从新闻上看到判决结果，“不知道怎么形容自己现在的感受，这封判决书，我等了太久太久……很委屈，很难过，但没有人与我共情”。与此同时，被告人张某妻子纪女士表示，不服该判决，将上诉。O网页链接 #阿里女员工案被告张某被判1年半##张国强制猥亵案一审宣判# 相关视频：L封面新闻的微博视频 收起d,微博视频号,,,,https://weibo.com/3776183674/LyTUUzxHd?refer_flag=1001030103_,0,0,0
4783181003490580,2022-06-22 15:24,法治网,https://weibo.com/2087875965?refer_flag=1001030103_,#阿里女员工案被告张国妻子发声##张国当庭提出上诉#6月22日，山东济南槐荫区法院对被告人张国强制猥亵案一审宣判，以强制猥亵罪判处张国有期徒刑一年六个月。澎湃新闻从张国妻子和参与庭审人士处获悉，张国当庭提出上诉。#张国强制猥亵案一审宣判##阿里女员工案被告张某将上诉#@澎湃新闻 L澎湃新闻的微博视频 收起d,微博视频号,,,,https://weibo.com/2087875965/LyTUUeE3G?refer_flag=1001030103_,0,0,1
4783180996149276,2022-06-22 15:24,北京人应该知道的北京事,https://weibo.com/1876138275?refer_flag=1001030103_,【#阿里女员工案被告张某将上诉# 当事女子周某：很委屈难过】#阿里女员工案当事女子称很委屈# 6月22日，济南市槐荫区人民法院依法对张国强制猥亵案一审宣判，以强制猥亵罪判处张国有期徒刑一年六个月。22日上午，当事女士周某表示，刚从新闻上看到判决结果，“不知道怎么形容自己现在的感受，这封判决书，我等了太久太久……很委屈，很难过，但没有人与我共情”。与此同时，被告人张某妻子纪女士表示，不服该判决，将上诉。O网页链接 #阿里女员工案被告张某被判1年半##张国强制猥亵案一审宣判# 相关视频：L封面新闻的微博视频 收起d,微博视频号,,,,https://weibo.com/1876138275/LyTUTpNHS?refer_flag=1001030103_,0,11,70
4783180961286227,2022-06-22 15:24,呵呵呵的_26126,https://weibo.com/5715066951?refer_flag=1001030103_,#阿里女员工案被告张某将上诉#湘潭刀妹高速砍人十几刀，被判四个月。张某被主动叫过去关系都没发生被判一年六个月，你说法治我都觉得有些好笑。 ​,Redmi K40游戏版,,,https://wx3.sinaimg.cn/orj360/006eLPZdly1h3h1usm91sj30h40b4q40.jpg,https://weibo.com/5715066951/LyTUQ5oBB?refer_flag=1001030103_,1,2,16
4783180945034774,2022-06-22 15:24,铃杀殿sama,https://weibo.com/1134143510?refer_flag=1001030103_,#阿里女员工案被告张某将上诉#共情你m，不是哪个女人都跟你共情！喝酒发情给两个男人打电话？也只有你老公跟你共情 ​,iPhone客户端,,,,https://weibo.com/1134143510/LyTUOl7M2?refer_flag=1001030103_,1,2,8
4783180513542376,2022-06-22 15:22,寒冰哑语,https://weibo.com/7751593392?refer_flag=1001030103_,#阿里女员工案被告张某将上诉#明白了，此案判决给广大女网友指出了一条发财致富的捷径。可以自己去酒店开一个房，然后叫男性来酒店房间，如果男性没有拿白纸黑字的上床合同而和女性做了不该做的事，那就坐牢和给钱二选一。 ​,iPhone客户端,,,,https://weibo.com/7751593392/LyTU7eRx6?refer_flag=1001030103_,1,0,0
4783179946790143,2022-06-22 15:20,嫚乙,https://weibo.com/3194746404?refer_flag=1001030103_,#阿里女员工案被告张某将上诉# ​,微博搜索,,,,https://weibo.com/3194746404/LyTTcsuqr?refer_flag=1001030103_,0,0,0
4783179904584869,2022-06-22 15:20,平安北川,https://weibo.com/5204135148?refer_flag=1001030103_,//@中国警方在线:张国当庭提出上诉。#张国强制猥亵案一审宣判##阿里女员工案被告张某将上诉#,HUAWEI Mate 20,,,https://wx1.sinaimg.cn/orj360/002xAdBtly1h3gsxj5yq7j60jf0d5q4o02.jpg,https://weibo.com/5204135148/LyTT8jeJv?refer_flag=1001030103_,0,8,4
4783179502717825,2022-06-22 15:18,896汽车调频,https://weibo.com/2781027274?refer_flag=1001030103_,【#阿里女员工案被告张某将上诉# 当事女子周某：很委屈难过】#阿里女员工案当事女子称很委屈# 6月22日，济南市槐荫区人民法院依法对张国强制猥亵案一审宣判，以强制猥亵罪判处张国有期徒刑一年六个月。22日上午，当事女士周某表示，刚从新闻上看到判决结果，“不知道怎么形容自己现在的感受，这封判决书，我等了太久太久……很委屈，很难过，但没有人与我共情”。与此同时，被告人张某妻子纪女士表示，不服该判决，将上诉。L封面新闻的微博视频 收起d,iPhone客户端,,,,https://weibo.com/2781027274/LyTSubp1T?refer_flag=1001030103_,0,0,1
4783179304538236,2022-06-22 15:17,陕西交通广播,https://weibo.com/1750353854?refer_flag=1001030103_,【#阿里女员工案被告张某将上诉# 当事女子周某：很委屈难过】#阿里女员工案当事女子称很委屈# 6月22日，济南市槐荫区人民法院依法对张国强制猥亵案一审宣判，以强制猥亵罪判处张国有期徒刑一年六个月。22日上午，当事女士周某表示，刚从新闻上看到判决结果，“不知道怎么形容自己现在的感受，这封判决书，我等了太久太久……很委屈，很难过，但没有人与我共情”。与此同时，被告人张某妻子纪女士表示，不服该判决，将上诉。L封面新闻的微博视频 收起d,微博视频号,,,,https://weibo.com/1750353854/LyTSaj2Bm?refer_flag=1001030103_,0,0,1
4783178667003642,2022-06-22 15:15,776893214569up,https://weibo.com/7627370664?refer_flag=1001030103_,#阿里女员工案被告张某将上诉#无数案例就证明了一点：在护批仇男大国，宁可带着女诬见阎王，不要带着希望见法官！ ​,,,,,https://weibo.com/7627370664/LyTR8tnXY?refer_flag=1001030103_,0,0,15
4783178474852109,2022-06-22 15:14,厌蠢达人,https://weibo.com/7464719053?refer_flag=1001030103_,#阿里女员工案被告张某将上诉#我看完就一个想法酒桌文化什么时候取缔?年轻人谈生意怎么就不能喝快乐水椰汁西瓜汁了?无非利尿多上厕所，但绝不可能神志不清老一辈从来不谈有多少个因为酒桌文化把身体喝坏，也不谈其间接导致的交通事故有多少年轻人此时不反何时反? 收起d,vivo X70 蔡司影像,,,,https://weibo.com/7464719053/LyTQPkmfP?refer_flag=1001030103_,0,1,3
4783178306817974,2022-06-22 15:13,平安泸县,https://weibo.com/5201000633?refer_flag=1001030103_,【#阿里女员工案被告张某将上诉# 当事女子周某：很委屈难过】L封面新闻的微博视频 ​,微博视频号,,,,https://weibo.com/5201000633/LyTQysBFk?refer_flag=1001030103_,0,10,6
4783178085304553,2022-06-22 15:13,闻舞,https://weibo.com/1738099550?refer_flag=1001030103_,#阿里女员工案被告张某将上诉# 强制猥亵阿里女员工，张国获刑一年半，女主委屈：没有人与她共情 O强制猥亵阿里女员工，张国获刑一年半，女主委屈：没有人与她共情 ​,新浪新闻客户端,,,,https://weibo.com/1738099550/LyTQcmfXj?refer_flag=1001030103_,0,0,0
4783177983855985,2022-06-22 15:12,城市套路深k_,https://weibo.com/5575744294?refer_flag=1001030103_,#阿里女员工案被告张某将上诉#爱写小作文的女人别招惹，哪怕她主动勾搭你，也一定要管好下半身，别精虫上脑了 ​,K30S 至尊纪念版,,,,https://weibo.com/5575744294/LyTQ2gb7j?refer_flag=1001030103_,0,0,0
4783177866938467,2022-06-22 15:12,地瓜熊老六,https://weibo.com/3939426052?refer_flag=1001030103_,#阿里女员工案被告张某将上诉#张某认为阿里女打电话约他去酒店房间是自愿的，阿里女一口咬定是被迫的，所以，阿里女一大早打电话约张某去酒店房间究竟想干吗？ ​,子柒的最爱Android,,,https://wx3.sinaimg.cn/orj360/004iBqFSly1h3h1ho3kfdj60u013z0we02.jpg,https://weibo.com/3939426052/LyTPQt70L?refer_flag=1001030103_,11,170,539
4783176965163099,2022-06-22 15:08,游戏山山,https://weibo.com/1003727952?refer_flag=1001030103_,#阿里女员工案被告张某将上诉#  操作着实逆天，想和上司闹，结果上司没事，把自己情人送进去了。 ​,微博轻享版,,,,https://weibo.com/1003727952/LyTOolF9N?refer_flag=1001030103_,0,0,0
4783176751515474,2022-06-22 15:07,吐槽帝逍遥先森,https://weibo.com/1965565743?refer_flag=1001030103_,#阿里女员工案被告张某将上诉##张国强制猥亵案一审宣判# 【吐槽】目标本来就是王某文，结果没成功，王某文关了15天被放了。阿里好处没捞到就转战张某，张是她自己打电话喊去的，要说被威胁了，还被拿走内裤，周某小作文里就没提张某怎样，都在指控王某文。跟当初都某竹搞WYF一样，只不过WYF实锤了。😮‍💨女人啊女人 收起d,iPhone 13 Pro Max(远峰蓝色),,,https://wx2.sinaimg.cn/thumb150/7528272fly1h3h1bhwcp8j20oq0gmq3x.jpg https://wx2.sinaimg.cn/thumb150/7528272fly1h3h1bi2tn5j20og0gumy3.jpg https://wx1.sinaimg.cn/thumb150/7528272fly1h3h1bhnrilj20yi0jftb7.jpg https://wx3.sinaimg.cn/thumb150/7528272fly1h3h1bignjoj20a00a03ys.jpg,https://weibo.com/1965565743/LyTO36mf8?refer_flag=1001030103_,0,0,2
4783176649542870,2022-06-22 15:07,一块大黑板,https://weibo.com/6034055641?refer_flag=1001030103_,#阿里女员工案被告张某将上诉# 这个事情沸沸扬扬也一年了，期间受害者煎熬、阿里蒙羞。宣判结果出来，如今也算对所有人有个交代。现在网上反应比较强烈的是涉事的阿里男员工没有犯罪行为事实不被批捕。 ​,iPhone客户端,,,,https://weibo.com/6034055641/LyTNSE2xg?refer_flag=1001030103_,0,1,0
4783176466039812,2022-06-22 15:06,闻舞,https://weibo.com/1738099550?refer_flag=1001030103_,发布了头条文章：《猥亵阿里女员工男子宣判后，原告被告同时喊冤叫屈，到底为何？》 #阿里女员工案被告张某将上诉# #阿里女员工案嫌犯张某被判1年半#  O猥亵阿里女员工男子宣判后，原告被告同时喊冤叫屈，到底为何？ ​,微博 weibo.com,,,,https://weibo.com/1738099550/LyTNAplek?refer_flag=1001030103_,0,0,0
4783176431440511,2022-06-22 15:06,认知悟生择行克成,https://weibo.com/6157105533?refer_flag=1001030103_,#阿里女员工案被告张某将上诉#张某属于问题扩大化后被拉来垫背的添头，结果垫背的反倒成了被打靶的了，真是有够魔幻的。哈哈哈哈 ​,荣耀Play5T,,,,https://weibo.com/6157105533/LyTNx62K3?refer_flag=1001030103_,0,0,1
4783176243741004,2022-06-22 15:05,小新是香蕉宝宝,https://weibo.com/7514781856?refer_flag=1001030103_,#阿里女员工案被告张某将上诉#除非张某能证明周某有自愿与他发生关系的真实意思表示，或者能证明是周某强迫他的，或者有两人长期不正当关系的证据。因为邀请你来房间≠愿意和你发生关系。即使有明确愿意发生关系表示，但在最后一刻后悔喊停，那最后这一刻的才属于最终真实意思表示。如果一方推测暗示或主观认定都能推定为对方真实意思表示，那结果是很可怕的。大家自己想想生活中随口说的、冲动说的、醉酒胡言乱语…题外话，我无法共情张某，最重要的原因是不管周某醉没醉酒清不清醒有没有意图，如果你没有歪心思，你不会去或者去了也不会有其他行为，那这盆“脏水”也泼不到你身上。两性关系，还是洁身自好的好。 收起d,HUAWEI Mate30 Pro 5G,,,,https://weibo.com/7514781856/LyTNefHcM?refer_flag=1001030103_,0,11,12
4783176164315044,2022-06-22 15:05,抖城,https://weibo.com/5426371315?refer_flag=1001030103_,#阿里女员工案被告张某将上诉#建议健全法律女性猥亵男性也应该被判刑。 ​,iPhone 7,,,,https://weibo.com/5426371315/LyTN6i6xu?refer_flag=1001030103_,0,0,0
4783176113720971,2022-06-22 15:05,地狱柳白,https://weibo.com/6180547071?refer_flag=1001030103_,#阿里女员工案被告张某将上诉#有网友能通俗易懂的解释一下事情的整个过程嘛 ​,荣耀30 5G,,,,https://weibo.com/6180547071/LyTN1fBZF?refer_flag=1001030103_,0,5,7
4783176054211928,2022-06-22 15:05,机小手,https://weibo.com/2288652234?refer_flag=1001030103_,整理了一下阿里女员工案事件脉络线。从2021年8月7日至今已经快一年了，目前的进展是#阿里女员工案被告张某将上诉#。如果真的是强制猥亵，大家觉得一年六个月的刑期判决重吗？ ​,,,,https://wx2.sinaimg.cn/orj360/002uSWZIgy1h3h1adv94mj60ve1qqnpe02.jpg,https://weibo.com/2288652234/LyTMVhFIk?refer_flag=1001030103_,41,23,28
4783175971115228,2022-06-22 15:04,砖业评论CAT,https://weibo.com/6454256999?refer_flag=1001030103_,#阿里女员工案被告张某将上诉#名声臭了，不讹点钱花花怎么对得住小作文 ​,iPhone客户端,,,,https://weibo.com/6454256999/LyTMN4G7y?refer_flag=1001030103_,1,0,2
4783175756939294,2022-06-22 15:03,树下有辆小轿车,https://weibo.com/5596282108?refer_flag=1001030103_,#阿里女员工案被告张某将上诉#只有畜生最会共情畜生啦 ​,Android,,,,https://weibo.com/5596282108/LyTMrt7e6?refer_flag=1001030103_,0,0,0
4783175606473196,2022-06-22 15:03,自行我路2019,https://weibo.com/7204341182?refer_flag=1001030103_,#阿里女员工案被告张某将上诉#  男上司惹火，男客户灭火，没火不成，引火烧身。事实证明：不是什么酒都可以喝，不是什么荤腥都可以偷，不会什么房门都可以进，套路千万条，安全第一条。行为不规范，两行铁窗泪。 ​​​,HUAWEI P30,,,https://wx1.sinaimg.cn/orj360/007RyGfkly1h3h18qftcij30u01t0ahr.jpg,https://weibo.com/7204341182/LyTMcr9Yo?refer_flag=1001030103_,0,0,1
4783175358743047,2022-06-22 15:02,吐槽帝逍遥先森,https://weibo.com/1965565743?refer_flag=1001030103_,#阿里女员工案被告张某将上诉##张国强制猥亵案一审宣判# 【吐槽】这事不明摆着是阿里女周某捞好处没捞到，所以要搞张某，张某被判认为女的自愿，所以又上诉。说白了就是你情我愿女方翻脸呗（我这么说会不会被封号） ​,iPhone 13 Pro Max(远峰蓝色),,,https://wx4.sinaimg.cn/thumb150/7528272fly1h3h17hsbv1j20yi0jftb7.jpg https://wx1.sinaimg.cn/thumb150/7528272fly1h3h17iaik6j20qo1cmgt4.jpg https://wx4.sinaimg.cn/thumb150/7528272fly1h3h17jaxlnj20u01sxwl3.jpg https://wx2.sinaimg.cn/thumb150/7528272fly1h3h17kfxsuj20u01sx0zy.jpg https://wx1.sinaimg.cn/thumb150/7528272fly1h3h17lwp8sj20u01sxdn2.jpg https://wx2.sinaimg.cn/thumb150/7528272fly1h3h17hgdusj20u01sxdm2.jpg,https://weibo.com/1965565743/LyTLNAGsT?refer_flag=1001030103_,0,0,1
4783175358743023,2022-06-22 15:02,阳光重回大地,https://weibo.com/7061323871?refer_flag=1001030103_,#阿里女员工案被告张某将上诉#天日昭昭，天日昭昭 ​,HUAWEI P40 Pro 5G,,,,https://weibo.com/7061323871/LyTLNAGsv?refer_flag=1001030103_,0,0,0
4783175349832864,2022-06-22 15:02,duanduanPlus,https://weibo.com/2795059621?refer_flag=1001030103_,#阿里女员工案被告张某将上诉#前后告的人不一致，无语……qj这个怎么证明不是主观意愿？喝酒了就不算主观意愿吗？ ​,iPhone客户端,,,,https://weibo.com/2795059621/LyTLMFfYA?refer_flag=1001030103_,0,0,0
4783175174455972,2022-06-22 15:01,_凡所际遇_绝非偶然_,https://weibo.com/7279439488?refer_flag=1001030103_,葫芦僧吗，知道贾雨村最后什么下场吗，当着全国人的面判糊涂案？！现在时代不同了，以前判个冤案大家也不知道……#张国强制猥亵案一审宣判##阿里女员工案被告张某将上诉# 查看图片,荣耀8 美得与众不同,,,,https://weibo.com/7279439488/LyTLviHcw?refer_flag=1001030103_,0,0,0
4783175132251053,2022-06-22 15:01,寻乌发布,https://weibo.com/3882593506?refer_flag=1001030103_,【#阿里女员工案被告张某将上诉# 当事女子周某：很委屈难过】6月22日，济南市槐荫区人民法院依法对张国强制猥亵案一审宣判，以强制猥亵罪判处张国有期徒刑一年六个月。22日上午，当事女士周某表示，刚从新闻上看到判决结果，“不知道怎么形容自己现在的感受，这封判决书，我等了太久太久……很委屈，很难过，但没有人与我共情”。与此同时，被告人张某妻子纪女士表示，不服该判决，将上诉。@封面新闻L封面新闻的微博视频 收起d,微博视频号,,,,https://weibo.com/3882593506/LyTLr9rBj?refer_flag=1001030103_,0,0,0
4783175110495163,2022-06-22 15:01,朱强律师,https://weibo.com/5632500739?refer_flag=1001030103_,#阿里女员工案被告张某将上诉#普法时刻：刑事案件里叫被告人，而不是被告#v光计划# ​,小米11 Ultra,,,,https://weibo.com/5632500739/LyTLp24Ov?refer_flag=1001030103_,0,0,0
4783175064880530,2022-06-22 15:01,孙燕姿的情歌yyds,https://weibo.com/3193559924?refer_flag=1001030103_,#阿里女员工案被告张某将上诉#以后谁犯了事就比谁会写小作文呗 ​,HUAWEI Mate 30,,,,https://weibo.com/3193559924/LyTLkktEe?refer_flag=1001030103_,0,0,0
4783174409784417,2022-06-22 14:58,爱追剧的白,https://weibo.com/7508069220?refer_flag=1001030103_,#阿里女员工案被告张某将上诉#阿里的公司内部矛盾多，现在不清理，这个公司可能也坚持不了多久。 ​,HUAWEI nova 3i,,,,https://weibo.com/7508069220/LyTKgF3nb?refer_flag=1001030103_,0,0,0
4783174368363830,2022-06-22 14:58,George1232005,https://weibo.com/6960634462?refer_flag=1001030103_,#阿里女员工案被告张某将上诉#一哭二闹告老王，结果老张进去了 ​,iPhone客户端,,,,https://weibo.com/6960634462/LyTKcz5Ou?refer_flag=1001030103_,0,0,5
4783174096521729,2022-06-22 14:57,不再息争,https://weibo.com/1093982642?refer_flag=1001030103_,#阿里女员工案被告张某将上诉#怎么说呢？现实中，经常有女人偷吃被老公发现，立马变脸哭诉是被强迫的，不是自愿的…… ​,HarmonyOS设备,,,,https://weibo.com/1093982642/LyTJLrmBb?refer_flag=1001030103_,2,6,17
4783173923768573,2022-06-22 14:56,一只想跳舞的漂亮长颈鹿,https://weibo.com/7077282297?refer_flag=1001030103_,#阿里女员工案被告张某将上诉#朋友说这个案子判了也好…可以给那些想偷腥的男人一种警示作用…让他们长长记性…我听得都笑了…男性(大部分吧)是能看别人经历吸取教训的吗？？ 他们只会觉得被抓了的人SB…但他们自己不SB… ​,HUAWEI Mate 30,,,,https://weibo.com/7077282297/LyTJufOnr?refer_flag=1001030103_,1,7,26
4783173889688801,2022-06-22 14:56,小乖乖大宝宝,https://weibo.com/2849860172?refer_flag=1001030103_,#阿里女员工案被告张某将上诉#能不能不要阿里字样带上，和阿里有什么关系啊…… ​,iPhone客户端,,,,https://weibo.com/2849860172/LyTJqEEuZ?refer_flag=1001030103_,0,1,4
4783173597399306,2022-06-22 14:55,隔b老周,https://weibo.com/6427263349?refer_flag=1001030103_,#阿里女员工案被告张某将上诉#为什么没人与你共情？尽打歪把子，本来打上司王某文的，打中了不想打的张某，想打的没打中。 ​,Redmi Note 11 Pro,,,,https://weibo.com/6427263349/LyTIXv2TE?refer_flag=1001030103_,0,0,1
4783173583504386,2022-06-22 14:55,逍遥子的梦,https://weibo.com/6433759047?refer_flag=1001030103_,#阿里女员工案被告张某将上诉#法院这个材料怎么云里雾里的？把流程梳理一遍都能得出大概是什么结论。等待张国上诉的后续吧，不过，这件事情最大的躺枪者还是阿里。 ​,Redmi Note 8四摄,,,,https://weibo.com/6433759047/LyTIWeHEm?refer_flag=1001030103_,0,0,6
4783173492278954,2022-06-22 14:54,唯赋新词强说愁,https://weibo.com/6213235670?refer_flag=1001030103_,#阿里女员工案被告张某将上诉#周某本来想把王某送进监狱，顺便跟张某亲亲我我，让绿帽老公持家有道，成为人生赢家。结果现在鸡飞蛋打。公检法也是，就是个面子问题，非要迎难而上，300多天才勉强判了，还说证据确凿，搞笑吧 ​,iPhone客户端,,,,https://weibo.com/6213235670/LyTIN9yRk?refer_flag=1001030103_,0,2,14
4783173323981782,2022-06-22 14:54,孙燕姿的情歌yyds,https://weibo.com/3193559924?refer_flag=1001030103_,#阿里女员工案被告张某将上诉#一定要上诉，告死这个贱B女的，勾引了一个又一个 ​,HUAWEI Mate 30,,,,https://weibo.com/3193559924/LyTIwgHQi?refer_flag=1001030103_,0,0,0
4783173303537057,2022-06-22 14:54,四川魏静,https://weibo.com/2248834985?refer_flag=1001030103_,【#张国无认罪和悔罪表现##阿里女员工案被告张某将上诉#，当事女子周某：很委屈难过】 6月22日，济南市槐荫区人民法院依法对张国强制猥亵案一审宣判，以强制猥亵罪判处张国有期徒刑一年六个月。22日上午，当事女士周某表示，刚从新闻上看到判决结果，“不知道怎么形容自己现在的感受，这封判决书，我等了太久太久……很委屈，很难过，但没有人与我共情”。与此同时，被告人张某妻子纪女士表示，不服该判决，将上诉。（封面新闻）#阿里女员工案被告张某被判1年半#  L封面新闻的微博视频 收起d,iPad Pro,,,,https://weibo.com/2248834985/LyTIueQ9j?refer_flag=1001030103_,0,2,3
4783173282039218,2022-06-22 14:54,无花果君,https://weibo.com/2684924323?refer_flag=1001030103_,#阿里女员工案被告张某将上诉#告的明明是同事王，为什么判刑的是张？咋回事？ ​,荣耀20,,,,https://weibo.com/2684924323/LyTIs8yuC?refer_flag=1001030103_,0,2,2
4783173235902392,2022-06-22 14:53,光辉女郎是一只蚂蚁,https://weibo.com/6087515451?refer_flag=1001030103_,#阿里女员工案被告张某将上诉#男女都自重吧！同情张某媳妇周某老公这俩人，一个老公出轨不离不弃，一个老婆出轨不离不弃 ​,,,,,https://weibo.com/6087515451/LyTInoLtS?refer_flag=1001030103_,0,9,10
4783173106140150,2022-06-22 14:53,白木硫林,https://weibo.com/6643428544?refer_flag=1001030103_,#阿里女员工案被告张某将上诉#出去乱玩的脏男人活该被判刑哦，希望在外乱来的男的人人被仙人跳 ​,iPhone客户端,,,,https://weibo.com/6643428544/LyTIapLkG?refer_flag=1001030103_,0,2,16
4783173042702196,2022-06-22 14:53,菏泽市牡丹区人民检察院,https://weibo.com/5476071411?refer_flag=1001030103_,【#阿里女员工案被告张某将上诉# 当事女子周某：很委屈难过】#阿里女员工案当事女子称很委屈# 6月22日，济南市槐荫区人民法院依法对张国强制猥亵案一审宣判，以强制猥亵罪判处张国有期徒刑一年六个月。22日上午，当事女士周某表示，刚从新闻上看到判决结果，“不知道怎么形容自己现在的感受，这封判决书，我等了太久太久……很委屈，很难过，但没有人与我共情”。与此同时，被告人张某妻子纪女士表示，不服该判决，将上诉。 #阿里女员工案被告张某被判1年半##张国强制猥亵案一审宣判# 相关视频：L封面新闻的微博视频 收起d,微博视频号,,,,https://weibo.com/5476071411/LyTI4bkXO?refer_flag=1001030103_,1,0,5
4783172943085609,2022-06-22 14:52,孙燕姿的情歌yyds,https://weibo.com/3193559924?refer_flag=1001030103_,#阿里女员工案被告张某将上诉#这个判决确实很迷惑，反正现在全国都乱套了没有一点公信力可言 ​,HUAWEI Mate 30,,,,https://weibo.com/3193559924/LyTHUcWHT?refer_flag=1001030103_,0,0,0
4783172769813418,2022-06-22 14:51,大馨命鲤,https://weibo.com/7398120660?refer_flag=1001030103_,在男人中：能骗到白富美结婚，那叫本事你想变成别人的本事吗？在女人中，嫁给高富帅，过的幸福，那叫厉害；嫁给屌丝，过的不幸，那叫惋惜你想被惋惜吗？#死蟑螂最好用火烧掉##知乎崩了##奔跑吧十季最佳OOTD##阿里女员工案被告张某将上诉# ​,微：xpe515iPhone客户端,,,,https://weibo.com/7398120660/LyTHCFaUW?refer_flag=1001030103_,5,11,72
4783172744909149,2022-06-22 14:51,llllllllllllIl,https://weibo.com/2511630897?refer_flag=1001030103_,#阿里女员工案被告张某将上诉#必须上诉   反正不加刑   以后女的出门包里要带防狼喷雾  男的要带电动棒  再碰见周某这样的   出于人道主义精神  让她自己解决   记得经常充电哟 ​,iPhone客户端,,,,https://weibo.com/2511630897/LyTHAkB5P?refer_flag=1001030103_,0,0,6
4783172732323362,2022-06-22 14:51,认真学习ibot,https://weibo.com/5899877709?refer_flag=1001030103_,#阿里女员工案被告张某将上诉#嗯对对对，女的活着就是错误行了吧？一个个给罪犯开脱，恶心死了！ ​,Redmi K40,,,,https://weibo.com/5899877709/LyTHz9KpA?refer_flag=1001030103_,0,7,23
4783172489577450,2022-06-22 14:50,蓝色frank,https://weibo.com/1744260691?refer_flag=1001030103_,#阿里女员工案被告张某将上诉#   我只想说，这个案件济南公检法和长沙货拉拉案一样，坚守的不是法律，是冤假错案自己会被处罚后将错就错冤案办成铁案的决心，基于现有人证物证，基于情理，没有一条证明男的有罪。 ​,微博搜索,,,,https://weibo.com/1744260691/LyTHaEbx0?refer_flag=1001030103_,2,5,40
4783172023486232,2022-06-22 14:49,香港衛視HKS,https://weibo.com/2712601544?refer_flag=1001030103_,【阿里女员工案被告当庭提出上诉 当事女子周某：很委屈难过】6月22日，济南市槐荫区人民法院依法对张国强制猥亵案一审宣判，以强制猥亵罪判处张国有期徒刑一年六个月。#阿里女员工案被告张某被判1年半# 22日上午，当事女士周某表示，刚从新闻上看到判决结果，“不知道怎么形容自己现在的感受，这封判决书，我等了太久太久……很委屈，很难过，但没有人与我共情”。与此同时，被告人张某妻子纪女士表示，不服该判决，将上诉。据澎湃新闻，张国当庭提出上诉。#阿里女员工案被告张某将上诉#L澎湃新闻的微博视频 收起d,微博视频号,,,,https://weibo.com/2712601544/LyTGqeCVy?refer_flag=1001030103_,1,0,0
4783171780741879,2022-06-22 14:48,SSSSShad,https://weibo.com/3950317343?refer_flag=1001030103_,#阿里女员工案被告张某将上诉#告王五，怎么判刑的是李四呢 ​,iPhone客户端,,,,https://weibo.com/3950317343/LyTG236ZN?refer_flag=1001030103_,0,0,2
4783171616637200,2022-06-22 14:47,烟雨楼百年孤独,https://weibo.com/1356658417?refer_flag=1001030103_,【#阿里女员工案被告张某将上诉# 当事女子周某：很委屈难过】#阿里女员工案当事女子称很委屈# 6月22日，济南市槐荫区人民法院依法对张国强制猥亵案一审宣判，以强制猥亵罪判处张国有期徒刑一年六个月。22日上午，当事女士周某表示，刚从新闻上看到判决结果，“不知道怎么形容自己现在的感受，这封判决书，我等了太久太久……很委屈，很难过，但没有人与我共情”。与此同时，被告人张某妻子纪女士表示，不服该判决，将上诉。O网页链接 #阿里女员工案被告张某被判1年半##张国强制猥亵案一审宣判# 相关视频：L封面新闻的微博视频 收起d,微博视频号,,,,https://weibo.com/1356658417/LyTFLrQDC?refer_flag=1001030103_,0,0,0
4783171584132218,2022-06-22 14:47,阿里女员工案张某妻子,https://weibo.com/7695183939?refer_flag=1001030103_,荒唐判决，坚决上诉，誓死捍卫自己的人权判决一年六个月我丈夫坚决的当庭提起了上诉，之前我丈夫也一直在看守所喊冤！我收到的短信是“公开开庭宣判”，我们这边去了9个人，结果被告知因为疫情原因只允许2位近亲属进入旁听，可是我们进入法庭却傻眼了，里面坐着6、7位我根本不认识的“近亲属”带着旁听证在旁听！这造假技术也太明目张胆了吧！用托儿来代替愿意参加旁听的群众，还叫自愿接受人民监督吗？审判长当庭读的判决书也是荒唐至极，一直强调周某是在酒醉不能反抗的状态下，哪怕是在28日早上也是这种主张，真是令人啼笑皆非！（由于今天再法庭上晕倒，抽搐，现在身体情况不方便细说，以后会跟进） 判一年半，，连二审的时间也算进去了，这样一算，二审结束后他出来要求再审的几率几乎为零。如果关多久判多久，或是判一缓一，我丈夫现在出来后肯定会让事情大白于天下，显然对公检法不利。法官的这个判决刑期非常微妙，几乎让这案子合法的变成铁案了。案子宣判完，我人还没出法庭，济南中院和山东高法就已经在公众号里推波助澜了！～～铁案～～铁案，哪怕还有很多次的不公平，我们也会坚决上诉到底！誓死捍卫普通百姓的人权！ #阿里女员工案被告张某将上诉# #阿里女员工案被告张某被判1年半# 收起d,HUAWEI Mate 20,,,https://wx4.sinaimg.cn/orj360/008oMcRZly1h3h0qu87xej30u01nvapa.jpg https://wx3.sinaimg.cn/orj360/008oMcRZly1h3h0qugfgcj30tm1cw123.jpg,https://weibo.com/7695183939/LyTFIhkYG?refer_flag=1001030103_,756,1108,10795
4783171578889205,2022-06-22 14:47,点点娱,https://weibo.com/6911238239?refer_flag=1001030103_,#阿里女员工案被告张某将上诉##阿里女员工案当事女子称很委屈#阿里女员工案被告张某被判1年半，一切都交于法律，相信法律是公证，正义永远不会缺席！ L点点娱的微博视频 ​,微博视频号,,,,https://weibo.com/6911238239/LyTFHBiuh?refer_flag=1001030103_,4,0,3
4783171482157722,2022-06-22 14:46,黑色幽默Yetta,https://weibo.com/1823650792?refer_flag=1001030103_,#阿里女员工案被告张某将上诉#不要参加有女性的饭局，以免引火烧身 ​,iPhone客户端,,,,https://weibo.com/1823650792/LyTFy93jY?refer_flag=1001030103_,0,0,0
4783171452802086,2022-06-22 14:46,申二喵,https://weibo.com/3896390034?refer_flag=1001030103_,#阿里女员工案被告张某将上诉# #杭州# #萧山#,iPhone客户端,,,https://wx2.sinaimg.cn/thumb150/e83e3192gy1h3h0qgdlokj20p3055mzh.jpg https://wx2.sinaimg.cn/thumb150/e83e3192gy1h3h0qimncej20qt09ajww.jpg https://wx2.sinaimg.cn/orj360/e83e3192gy1h3h0qgokl7j20sc0hcthe.jpg https://wx2.sinaimg.cn/orj360/e83e3192gy1h3h0qg2unvj20sk0g5wns.jpg https://wx1.sinaimg.cn/orj360/e83e3192gy1h3h0qhsf49j20mo0gl130.jpg https://wx2.sinaimg.cn/orj360/e83e3192gy1h3h0qic13ij20qc0gedm6.jpg,https://weibo.com/3896390034/LyTFvbKWW?refer_flag=1001030103_,0,0,1
4783171366030890,2022-06-22 14:46,朱唇Tj,https://weibo.com/1716582882?refer_flag=1001030103_,#阿里女员工案被告张某将上诉#疑罪从无，现在都是强行判决么？最起码公布下证据啊。 ​,HUAWEI P40 Pro+ 5G,,,,https://weibo.com/1716582882/LyTFmpiUq?refer_flag=1001030103_,0,0,13
4783171293416875,2022-06-22 14:46,西安商网,https://weibo.com/5324769120?refer_flag=1001030103_,【#阿里女员工案被告张某将上诉# 当事女子周某：很委屈难过】#阿里女员工案当事女子称很委屈# 6月22日，济南市槐荫区人民法院依法对张国强制猥亵案一审宣判，以强制猥亵罪判处张国有期徒刑一年六个月。22日上午，当事女士周某表示，刚从新闻上看到判决结果，“不知道怎么形容自己现在的感受，这封判决书，我等了太久太久……很委屈，很难过，但没有人与我共情”。与此同时，被告人张某妻子纪女士表示，不服该判决，将上诉。O网页链接 #阿里女员工案被告张某被判1年半##张国强制猥亵案一审宣判# 相关视频：L封面新闻的微博视频 收起d,微博视频号,,,,https://weibo.com/5324769120/LyTFfekST?refer_flag=1001030103_,0,0,0
4783171210580605,2022-06-22 14:45,申二喵,https://weibo.com/3896390034?refer_flag=1001030103_,#阿里女员工案被告张某将上诉##污染厂迁址居民区附近##萧山污染厂迁址居民区附近# 来看看萧山污染厂问题吧！多次被处罚的污染企业要搬迁到居民区和运河附近，2公里内还有数所幼儿园和小学！群众反映得不到有效回应！宣称“不做印染”的景福工贸，企业经营范围依旧有印染！这样的企业我们如何信任？以后造成的运河污染和居民健康损害谁来负责？为了钱罔顾居民健康！高污企业为什么不被取缔！恳求重新选址！ 收起d,iPhone客户端,,,https://wx2.sinaimg.cn/thumb150/e83e3192gy1h3h0qgdlokj20p3055mzh.jpg https://wx2.sinaimg.cn/thumb150/e83e3192gy1h3h0qimncej20qt09ajww.jpg https://wx2.sinaimg.cn/orj360/e83e3192gy1h3h0qgokl7j20sc0hcthe.jpg https://wx2.sinaimg.cn/orj360/e83e3192gy1h3h0qg2unvj20sk0g5wns.jpg https://wx1.sinaimg.cn/orj360/e83e3192gy1h3h0qhsf49j20mo0gl130.jpg https://wx2.sinaimg.cn/orj360/e83e3192gy1h3h0qic13ij20qc0gedm6.jpg,https://weibo.com/3896390034/LyTF72r2B?refer_flag=1001030103_,1,0,2
4783171093401170,2022-06-22 14:45,曼菲卡服饰,https://weibo.com/5301275835?refer_flag=1001030103_,#阿里女员工案被告张某将上诉#阿里巴巴求助信：本公司经营的几个天猫网店几年来遭遇黑客攻击，诈骗、破坏，在用的千牛和阿里系软件被流量劫持手段在不知不觉的情况下转换成山寨的，由于家人和公司所用的手机电脑设备长期被远程操控，拨号也被劫持，有销量产品被乱编辑，删除，库存被乱篡改，导致货物凭空消失，几年来直通车推广投入特大，被利用流量劫持跳转到同行链接去，加上恶意反向刷单，损失过1000万！，其中还没有包括其他商家，由于是骗取盗窃货物和破坏我们正常经营，追回损失几率大！请求公安机关和阿里巴巴集团为商家做主找出幕后黑手！追回损失将一半捐赠出来以公安机关和阿里巴巴提供技术部门名义捐赠给社会！以上所述愿意承担法律责任！ 收起d,HUAWEI Mate 30 5G,,,,https://weibo.com/5301275835/LyTEVegNA?refer_flag=1001030103_,0,0,0
4783170891549390,2022-06-22 14:44,_信基拉乃x,https://weibo.com/6889561990?refer_flag=1001030103_,#阿里女员工案被告张某将上诉#额，不管是不是“仙人跳”是不是“勾引”，你老公一被勾引就屁颠颠去出轨了，这么个恶心玩意你不赶紧离婚你为他上诉，疯掉了吧。那祝出轨男和为出轨男上诉妻子两个人一辈子锁死。 ​,iPhone客户端,,,,https://weibo.com/6889561990/LyTEB6v4a?refer_flag=1001030103_,0,0,0
4783170765719008,2022-06-22 14:44,新浪山东济宁频道,https://weibo.com/5170942053?refer_flag=1001030103_,【#阿里女员工案被告张某将上诉#】 6月22日，济南市槐荫区人民法院依法对张国强制猥亵案一审宣判，以强制猥亵罪判处张国有期徒刑一年六个月。当事女士周某表示，“不知道怎么形容自己现在的感受，这封判决书，我等了太久太久”。同时，被告人张某妻子纪女士表示，不服该判决，将上诉。 #阿里女员工案被告张某被判1年半#  L封面新闻的微博视频 收起d,微博视频号,,,,https://weibo.com/5170942053/LyTEonZM4?refer_flag=1001030103_,0,0,0
4783170739770260,2022-06-22 14:43,包子有理君,https://weibo.com/7247467615?refer_flag=1001030103_,#阿里女员工案被告张某将上诉#就挺离奇 张某猥亵完一次竟然还能进女性房间里猥亵第二次 一定不是这位女性愿意开门的是吧～穿墙术hiuhiuhiu~ ​,iPhone客户端,,,,https://weibo.com/7247467615/LyTElEZGQ?refer_flag=1001030103_,0,0,0
4783170483916805,2022-06-22 14:42,AkaHuHa,https://weibo.com/5664707339?refer_flag=1001030103_,#阿里女员工案被告张某将上诉#首先，先说公安和检察的内部考核制度，公安受理案件后，进行侦查，只有确定是一个罪案后才会提请逮捕和移送起诉，因为公民被无罪羁押是要面临赔偿问题的，同时公安办的案子被检察认定为无罪不起诉，那么公安的考核指标就下降好多个百分点，在同地区考核评比中该公安单位就要垫底，所以公安就会很不情愿去把一个疑点重重的案子硬是要移送起诉，一般会借检察的退补来撤案；检察也有类似的考核制度，以我所在的地区为例，提起公诉的刑事案件一年大概在3000件左右，但法院判无罪的案件每年度还没有超3件过，而且全省每年都会评比，垫底的一般也没有超过3件，也就是说，无罪案件比率一般在0.1%以下，你假如你是被告，你愿意花一大笔钱请律师来赌这么低的幸运值吗？就这，这些案本就是先天不足，罪与非罪只在审判员的一念之间，和律师根本无关好吧。其次，要说说我们的司法制度，我们是一元制以行政主导的社会主义国家，这就隐含有几重意思，第一，资本在涉及公权力的范畴是受限制的，尤其作为权力私家花园的司法范畴，国家意志才是第一位的，资本在司法运作中排最后，所以这就决定了作为资本典型代言人的律师，在刑事案件里面绝大多数时候都只是个吉祥物。第二，公检法作为司法机关，有很明显的行政色彩，也就是说，公检法唯上而不唯下，这也一直是中国数千年的传统，律师在中国古代被称为讼师，地位低下，所以我们因为没有欧美那样的律师能深度干涉司法运作的传统，现在律师在刑事案件里面地位很尴尬就不难理解。其他的几重意思我就不说了，懂的都懂，不懂的，说破嘴皮你也难得理解。第三，从案件的本身来说，我们对证据要求其实是很严苛的，所以冤案的几率要比欧美低，尤其是比美国低多了，别看那些什么呼格案之类的，其实这么多年加一起也没多少，从人口数量和案件数量的比值来看，其实低得令人发指，但这也就意味着，案件被检察院起诉到法院，基本上就可以肯定是罪案了，在案子基本上定案的情况下，你说律师还有什么用？只能起一个求轻判的作用了，比起你花的钱，你说值不值？除非这个案子确实不是你做的，否则我劝你别做无谓的挣扎，认罪认罚，争取个印象分，求个最轻才是正确选择。 收起d,小米10S,,,,https://weibo.com/5664707339/LyTDWgqWh?refer_flag=1001030103_,0,0,1
4783170450883084,2022-06-22 14:42,京沪财女,https://weibo.com/1750175405?refer_flag=1001030103_,#阿里女员工案被告张某将上诉# 必须上诉，做无罪辩护 ​,iPhone客户端,,,,https://weibo.com/1750175405/LyTDT3HJi?refer_flag=1001030103_,0,0,7
4783170358346752,2022-06-22 14:42,大笑随风过,https://weibo.com/5091695926?refer_flag=1001030103_,#阿里女员工案被告张某将上诉#只同情张某妻子！ ​,iPhone 13,,,,https://weibo.com/5091695926/LyTDJz1n2?refer_flag=1001030103_,0,1,0
4783170187168594,2022-06-22 14:41,牧键,https://weibo.com/1889349865?refer_flag=1001030103_,守牢下半身，幸福下半生。#阿里女员工案被告张某将上诉#,HUAWEI Mate 30 5G,,,https://wx2.sinaimg.cn/orj360/814cfe99gy1h3h0baxuinj20qo174wq0.jpg https://wx1.sinaimg.cn/orj360/814cfe99gy1h3h0bbe39lj20qo0xq7az.jpg,https://weibo.com/1889349865/LyTDsu4Su?refer_flag=1001030103_,2,1,3
4783169973258384,2022-06-22 14:40,安娜hanxueping,https://weibo.com/2691364082?refer_flag=1001030103_,#阿里女员工案被告张某将上诉#王某、张某，还有这个周女士，只要其中一方头脑清醒，都不会发生这个结局。提醒大家，不管是酒桌上还是生活中遇到暧昧的时候断然拒绝，与异性保持距离，头脑发热时候搞不好就会身败名裂。 2北京 ​,华为Mate40保时捷设计,http://t.cn/RI7nYAL,北京,https://wx4.sinaimg.cn/orj360/a06af4f2ly1h3h0k91v9qj20u01ipthi.jpg,https://weibo.com/2691364082/LyTD7dFEA?refer_flag=1001030103_,1,5,19
4783169801293840,2022-06-22 14:40,沈阳晚报,https://weibo.com/1280846847?refer_flag=1001030103_,【#阿里女员工案被告张某将上诉# 】#阿里女员工案当事女子称很委屈# 6月22日上午，当事女士周某表示，“不知道怎么形容自己现在的感受，这封判决书，我等了太久太久……很委屈，很难过，但没有人与我共情”。被告人张某妻子纪女士表示，不服该判决，将上诉。O网页链接,HarmonyOS设备,,,https://wx4.sinaimg.cn/orj360/001oGiM7ly1h3gtu94fc5j60j60fogpt02.jpg,https://weibo.com/1280846847/LyTCQ5qAo?refer_flag=1001030103_,0,0,0
4783169574015763,2022-06-22 14:39,zzh三千世界鸦杀尽,https://weibo.com/5377289101?refer_flag=1001030103_,#阿里女员工案被告张某将上诉#有人说法院就是绝对对的，真是搞笑。不要忘了刚刚执行死刑的岳父灭门案。主法官是废死派代表人物，一个人的主观思想就能左右判决，如果不是网络舆论家属努力上诉，那就是废死派的又一次胜利 ​,荣耀20,,,,https://weibo.com/5377289101/LyTCtgQGn?refer_flag=1001030103_,0,1,10
4783169415679213,2022-06-22 14:38,想吃小白菜w,https://weibo.com/7646525367?refer_flag=1001030103_,#金锣玉米肠被曝吃出黑色硬物##惠州救助女子遭围殴老板首度发声##阿里女员工案被告张某将上诉#,vivo Y52s高清影像,,,,https://weibo.com/7646525367/LyTCdnPqd?refer_flag=1001030103_,0,0,0
4783169373208588,2022-06-22 14:38,湖北之声,https://weibo.com/1840551510?refer_flag=1001030103_,【#阿里女员工案被告张某将上诉# 当事女子周某：很委屈难过】#焦点时刻##阿里女员工案当事女子称很委屈# 6月22日，济南市槐荫区人民法院依法对张国强制猥亵案一审宣判，以强制猥亵罪判处张国有期徒刑一年六个月。22日上午，当事女士周某表示，刚从新闻上看到判决结果，“不知道怎么形容自己现在的感受，这封判决书，我等了太久太久……很委屈，很难过，但没有人与我共情”。与此同时，被告人张某妻子纪女士表示，不服该判决，将上诉。#阿里女员工案被告张某被判1年半##张国强制猥亵案一审宣判# L湖北之声的微博视频 收起d,微博视频号,,,,https://weibo.com/1840551510/LyTC9dsHq?refer_flag=1001030103_,1,0,5
4783169180011796,2022-06-22 14:37,渺暮云,https://weibo.com/1448541623?refer_flag=1001030103_,#阿里女员工案被告张某将上诉#这个案子的判决影响力不亚于当年的彭宇案！！会引发一系列社会的诚信问题！！法律，不应该被媒体舆论左右。中国的法律，无罪推定，在无法证明时，不能也不应该以法院或者主审法官自我意愿下的弱者偏靠！ ​,三星S21 Ultra 5G,,,,https://weibo.com/1448541623/LyTBQ034g?refer_flag=1001030103_,0,5,6
4783169137545264,2022-06-22 14:37,鹅鹿与云,https://weibo.com/6689904004?refer_flag=1001030103_,#阿里女员工案被告张某将上诉#加油 ​,一加 10 Pro,,,,https://weibo.com/6689904004/LyTBLvERO?refer_flag=1001030103_,0,0,0
4783169045270883,2022-06-22 14:37,生活儿君,https://weibo.com/6039725780?refer_flag=1001030103_,【#阿里女员工案被告张某将上诉# 当事女子周某：很委屈难过】#阿里女员工案当事女子称很委屈# 6月22日，济南市槐荫区人民法院依法对张国强制猥亵案一审宣判，以强制猥亵罪判处张国有期徒刑一年六个月。22日上午，当事女士周某表示，刚从新闻上看到判决结果，“不知道怎么形容自己现在的感受，这封判决书，我等了太久太久……很委屈，很难过，但没有人与我共情”。与此同时，被告人张某妻子纪女士表示，不服该判决，将上诉。O网页链接 #阿里女员工案被告张某被判1年半##张国强制猥亵案一审宣判# 相关视频：L封面新闻的微博视频 收起d,微博视频号,,,,https://weibo.com/6039725780/LyTBCm7cf?refer_flag=1001030103_,0,0,2
4783169004634432,2022-06-22 14:36,济南根叔,https://weibo.com/2294409121?refer_flag=1001030103_,【#阿里女员工案被告张某将上诉# 当事女子周某：很委屈难过】#阿里女员工案当事女子称很委屈# 6月22日，济南市槐荫区人民法院依法对张国强制猥亵案一审宣判，以强制猥亵罪判处张国有期徒刑一年六个月。22日上午，当事女士周某表示，刚从新闻上看到判决结果，“不知道怎么形容自己现在的感受，这封判决书，我等了太久太久……很委屈，很难过，但没有人与我共情”。与此同时，被告人张某妻子纪女士表示，不服该判决，将上诉。O网页链接 #阿里女员工案被告张某被判1年半##张国强制猥亵案一审宣判# 相关视频：L封面新闻的微博视频 收起d,根大爷的Android,,,,https://weibo.com/2294409121/LyTByjrCU?refer_flag=1001030103_,1,0,0
4783168907121562,2022-06-22 14:36,小米大咖,https://weibo.com/2169306777?refer_flag=1001030103_,#阿里女员工案被告张某将上诉#  男上司惹火，男客户灭火，没火不成，引火烧身。事实证明：不是什么酒都可以喝，不是什么荤腥都可以偷，不会什么房门都可以进，套路千万条，安全第一条。行为不规范，两行铁窗泪。 ​,HUAWEI Mate 40 Pro,,,https://wx2.sinaimg.cn/orj360/814cfe99gy1h3h0baxuinj20qo174wq0.jpg https://wx1.sinaimg.cn/orj360/814cfe99gy1h3h0bbe39lj20qo0xq7az.jpg,https://weibo.com/2169306777/LyTBotSDU?refer_flag=1001030103_,26,31,83
4783168198280536,2022-06-22 14:33,中新社微观山东,https://weibo.com/5617920738?refer_flag=1001030103_,【#阿里女员工案被告张某将上诉#  当事女子周某：很委屈难过】#阿里女员工案当事女子称很委屈# 6月22日，济南市槐荫区人民法院依法对张国强制猥亵案一审宣判，以强制猥亵罪判处张国有期徒刑一年六个月。22日上午，当事女士周某表示，刚从新闻上看到判决结果，“不知道怎么形容自己现在的感受，这封判决书，我等了太久太久……很委屈，很难过，但没有人与我共情”。与此同时，被告人张某妻子纪女士表示，不服该判决，将上诉。#阿里女员工案被告人被判一年六个月# L封面新闻的微博视频 收起d,iPhone客户端,,,,https://weibo.com/5617920738/LyTAfyK92?refer_flag=1001030103_,0,1,0
4783168052265135,2022-06-22 14:33,米德卢维骑,https://weibo.com/5344792788?refer_flag=1001030103_,#阿里女员工案被告张某将上诉# 6月22日，济南市槐荫区人民法院依法对张国强制猥亵案一审宣判，以强制猥亵罪判处张国有期徒刑一年六个月。被告人张某妻子纪女士表示，不服该判决，将上诉。 L米德卢维骑的微博视频 ​,iPhone XS Max,,,,https://weibo.com/5344792788/LyTA19vgr?refer_flag=1001030103_,1,0,2
4783167935089145,2022-06-22 14:32,水木锦衣,https://weibo.com/6459413053?refer_flag=1001030103_,#阿里女员工案被告张某将上诉#我不理解一个女人是如何做到在第一天被猥亵的情况下第二天大清早主动电话主动开门邀请一个昨晚猥亵过你的人进屋再来一次的，别和我杠，杠就是你对的！ ​,,,,,https://weibo.com/6459413053/LyTzPllUZ?refer_flag=1001030103_,0,3,30
4783167778590408,2022-06-22 14:32,为梦而活410,https://weibo.com/6589592816?refer_flag=1001030103_,#阿里女员工案被告张某将上诉#各大公司应该警惕招收女性员工，在这个诬告横行，女拳泛滥成灾的时代，各大公司管理人员在招聘女员工的时候都需要好好斟酌。害人之心不可有，防人之心不可无。 ​,HUAWEI Mate 30 5G,,,,https://weibo.com/6589592816/LyTzzA2KY?refer_flag=1001030103_,1,45,100
4783167678451446,2022-06-22 14:31,小马驹和兔宝宝,https://weibo.com/7144841122?refer_flag=1001030103_,#阿里女员工案被告张某将上诉# 判决书太简单，能不能公布一下证据，让大众明白法官到底依据什么判的。 ​,HUAWEI Mate 9,,,,https://weibo.com/7144841122/LyTzpzsBE?refer_flag=1001030103_,0,0,10
4783167250895512,2022-06-22 14:30,星娱派,https://weibo.com/7711205841?refer_flag=1001030103_,#阿里女员工案被告张某将上诉#都被判一年多了，说明男的一点儿不冤！ ​,,,,,https://weibo.com/7711205841/LyTyJ3KXK?refer_flag=1001030103_,0,3,2
4783167245910122,2022-06-22 14:30,七环视频,https://weibo.com/6066193547?refer_flag=1001030103_,#阿里女员工案被告张某将上诉#【“阿里女员工遭强制猥亵案”回顾，济南警方此前三次通报】6月22日，山东济南。备受关注的“阿里女员工自述遭商家及领导猥亵”一案，槐荫法院以强制猥亵罪判处张国有期徒刑一年六个月。济南槐荫警方此前三次就此事发布情况通报。#张国强制猥亵案一审宣判# O“阿里女员工遭强制猥亵案”回顾，济南警方此前三次通报 L七环视频的微博视频 收起d,微博视频号,,,,https://weibo.com/6066193547/LyTyIoNuy?refer_flag=1001030103_,0,0,0
4783166911416163,2022-06-22 14:28,雨林沐风_ghost,https://weibo.com/6854255042?refer_flag=1001030103_,#阿里女员工案被告张某将上诉#谁也不值得同情，都是有家庭的男人，还去风流 ​,HarmonyOS设备,,,,https://weibo.com/6854255042/LyTyb5Wpl?refer_flag=1001030103_,0,0,0
4783166508762398,2022-06-22 14:27,耶罗face,https://weibo.com/3489060242?refer_flag=1001030103_,#阿里女员工案被告张某将上诉#法治法治，治不了国还治不了你么 ​,iPhone客户端,,,,https://weibo.com/3489060242/LyTxwALv0?refer_flag=1001030103_,0,1,3
4783166508236965,2022-06-22 14:27,小报姐,https://weibo.com/5398166231?refer_flag=1001030103_,【#阿里女员工案被告张某将上诉# 当事女子周某：很委屈难过】#阿里女员工案当事女子称很委屈# 6月22日，济南市槐荫区人民法院依法对张国强制猥亵案一审宣判，以强制猥亵罪判处张国有期徒刑一年六个月。22日上午，当事女士周某表示，刚从新闻上看到判决结果，“不知道怎么形容自己现在的感受，这封判决书，我等了太久太久……很委屈，很难过，但没有人与我共情”。与此同时，被告人张某妻子纪女士表示，不服该判决，将上诉。#阿里女员工案被告张某被判1年半##张国强制猥亵案一审宣判#泰安播报L封面新闻的微博视频 收起d,泰安播报超话,,,,https://weibo.com/5398166231/LyTxwyyOh?refer_flag=1001030103_,0,0,0
4783166160372255,2022-06-22 14:25,渡边小狗宝,https://weibo.com/2213860093?refer_flag=1001030103_,#阿里女员工案被告张某将上诉#男的前段时间在说诬告，结果判决下来了在说司法不公，女的啥样大家都知道，女的啥样我是不知道，不过这些烂菜花男的表演真有趣，变脸真快，还有啥爱国表演大v真搞笑🥸 ​,iPhone客户端,,,,https://weibo.com/2213860093/LyTwY1yQ7?refer_flag=1001030103_,0,17,57
4783165371845973,2022-06-22 14:22,歙县反邪,https://weibo.com/6313391623?refer_flag=1001030103_,【#阿里女员工案被告张某将上诉# 当事女子周某：很委屈难过】#阿里女员工案当事女子称很委屈# 6月22日，济南市槐荫区人民法院依法对张国强制猥亵案一审宣判，以强制猥亵罪判处张国有期徒刑一年六个月。22日上午，当事女士周某表示，刚从新闻上看到判决结果，“不知道怎么形容自己现在的感受，这封判决书，我等了太久太久……很委屈，很难过，但没有人与我共情”。与此同时，被告人张某妻子纪女士表示，不服该判决，将上诉。O网页链接 #阿里女员工案被告张某被判1年半##张国强制猥亵案一审宣判# 相关视频：L封面新闻的微博视频 收起d,微博视频号,,,,https://weibo.com/6313391623/LyTvH7KdL?refer_flag=1001030103_,17,18,49
4783165103669819,2022-06-22 14:21,香蕉没毛病,https://weibo.com/2039250863?refer_flag=1001030103_,#阿里女员工案被告张某将上诉# 一张图带大家回顾阿里女案件！ ​,,,,https://wx3.sinaimg.cn/orj360/798c7fafgy1h3h016w3qvj20u05yzkjl.jpg,https://weibo.com/2039250863/LyTvgfoGD?refer_flag=1001030103_,0,0,0
4783164998028033,2022-06-22 14:21,大卫菠萝蜜,https://weibo.com/1233848760?refer_flag=1001030103_,#阿里女员工案被告张某将上诉#必须上诉，先诬告上级领导，结果判了供应商。明明是双方同意，却变成了猥亵，就为了堵丈夫的嘴。张某不守男德，经不住诱惑，周某则没有下限，无耻，不要脸。 ​,iPhone X,,,,https://weibo.com/1233848760/LyTv5xGsp?refer_flag=1001030103_,2,0,1
4783164633387455,2022-06-22 14:19,种花神,https://weibo.com/1309499172?refer_flag=1001030103_,这个时候我们都相信法律的公正性，已经判决的结果，虽然不大如意，但是，至少一审法院坚守了法律的底线//@中国警方在线:张国当庭提出上诉。#张国强制猥亵案一审宣判##阿里女员工案被告张某将上诉#,OnePlus 6T,,,https://wx1.sinaimg.cn/orj360/002xAdBtly1h3gsxj5yq7j60jf0d5q4o02.jpg,https://weibo.com/1309499172/LyTuveden?refer_flag=1001030103_,0,0,0
4783164461160317,2022-06-22 14:18,仲夏曲,https://weibo.com/6586202248?refer_flag=1001030103_,#阿里女员工案被告张某将上诉#她怎么好意思 ​,OPPO Reno5 Pro+ 5G,,,,https://weibo.com/6586202248/LyTue4RQN?refer_flag=1001030103_,0,0,1
4783164175943540,2022-06-22 14:17,金钱教信徒,https://weibo.com/2683160253?refer_flag=1001030103_,#阿里女员工案被告张某将上诉#  持续关注该事件，希望最后能看到结果。 ​,微博轻享版,,,,https://weibo.com/2683160253/LyTtLoWby?refer_flag=1001030103_,0,0,1
4783164150775831,2022-06-22 14:17,十点半睡觉啦,https://weibo.com/2669090783?refer_flag=1001030103_,#阿里女员工案被告张某将上诉#真能给我笑死，只要女的不出事，男的都能在下面说是女的搞坏。众所周知，女的只要不对男的破口大骂就是同意上床。 ​,iPhone客户端,,,,https://weibo.com/2669090783/LyTtJ3fPp?refer_flag=1001030103_,0,36,84
4783164030193146,2022-06-22 14:17,爱昵1208,https://weibo.com/3498321624?refer_flag=1001030103_,#阿里女员工案被告张某将上诉#不清楚情况，所以不评论太多。 ​,荣耀V20 4800万3D相机,,,,https://weibo.com/3498321624/LyTtx0Ofg?refer_flag=1001030103_,0,0,0
4783163987199393,2022-06-22 14:17,工程师Shawn,https://weibo.com/5538808943?refer_flag=1001030103_,#阿里女员工案被告张某将上诉#这案子如果周莉一开始就告张某，那我完全可以站她那边，但是她一直告的是王某文，甚至明明是张某拿走的内裤带来的tt都要嫁祸给王某文，这案子就有问题了。虽然说周某主动邀请张某来房间就是同意张某摸她，但是既然张某来了又确定摸过她了，为什么第一时间不报警抓张某。而是先告了王某文？ 这才是本案的大问题。是当时同意事后反悔了吗？ 还是因为搞不倒王某文临时找张某作替罪羊吗？如果是当时通奸，那就只是道德问题至少是不违法不犯罪的，如果是事后反悔那难道就可以单方面把通奸的男人抓起来判刑吗？ 收起d,nova6 自拍大不一样,,,,https://weibo.com/5538808943/LyTtsucTf?refer_flag=1001030103_,0,7,32
4783163543388494,2022-06-22 14:15,掌上兰州,https://weibo.com/5358376439?refer_flag=1001030103_,#阿里女员工案被告张国妻子发声#【“阿里女员工案”张国获刑一年六个月，其妻子：他当庭上诉】#张国当庭提出上诉#6月22日，山东济南槐荫区法院对被告人张国强制猥亵案一审宣判，以强制猥亵罪判处张国有期徒刑一年六个月。澎湃新闻从张国妻子和参与庭审人士处获悉，张国当庭提出上诉。#张国强制猥亵案一审宣判##阿里女员工案被告张某将上诉#O“阿里女员工案”张国获刑一年六个月，其妻子：他当庭上诉  L澎湃新闻的微博视频 收起d,iPhone客户端,,,,https://weibo.com/5358376439/LyTsKedv8?refer_flag=1001030103_,0,0,0
4783163231967846,2022-06-22 14:14,东方神秘大国,https://weibo.com/5527589636?refer_flag=1001030103_,#阿里女员工案被告张某将上诉# ​,华为Mate30E Pro 5G,,,,https://weibo.com/5527589636/LyTsf8fVs?refer_flag=1001030103_,0,0,0
4783162964839107,2022-06-22 14:13,心爱的那捺喽怏,https://weibo.com/7696905045?refer_flag=1001030103_,#阿里女员工案被告张某将上诉#现在的小作文真牛逼，李靓蕾，陈露，舆论一开始就带入，后面直接死刑起步 ​,vivo Y30,,,,https://weibo.com/7696905045/LyTrOkiS7?refer_flag=1001030103_,0,0,1
4783162581848670,2022-06-22 14:11,细雨大大,https://weibo.com/5866120694?refer_flag=1001030103_,#阿里女员工案被告张某将上诉#张某的妻子真是让人心疼，不知道她为了什么？换成我早就要求离婚了。去年我就分析过，拍酒局照片的那个人才是关键！ ​,iPhone 12 Pro(石墨色),,,,https://weibo.com/5866120694/LyTrc7KVg?refer_flag=1001030103_,0,4,3
4783162499008466,2022-06-22 14:11,来个球呀,https://weibo.com/6370457148?refer_flag=1001030103_,#阿里女员工案被告张某将上诉#果然坏人是不分性别的 阿里女真心恶心 ​,荣耀Magic3 5G,,,,https://weibo.com/6370457148/LyTr3BNvQ?refer_flag=1001030103_,1,0,3
4783162435046927,2022-06-22 14:10,冷静_1980,https://weibo.com/2194102360?refer_flag=1001030103_,张国强制猥亵案一审宣判……阿里女员工案被告张某被判1年半……阿里女员工案被告张某将上诉……阿里女员工案当事女子称很委屈……大家来评论里说说，这扑朔迷离的案子，最可能的真相是啥～？男性/女性怎么避免卷入这些是非～？随身带录音笔～？#阿里女员工案被告张某将上诉# #阿里女员工案当事女子称很委屈# #阿里女员工案被告张某被判1年半# #张国强制猥亵案一审宣判# 收起d,,,,,https://weibo.com/2194102360/LyTqXlaW3?refer_flag=1001030103_,2,17,51
4783162393363622,2022-06-22 14:10,你我他三个人,https://weibo.com/6002183730?refer_flag=1001030103_,#阿里女员工案被告张某将上诉#所有人都知道按照法律判决的话，应该是疑罪从无，可是，现实就是如此魔幻。 ​,Android,,,,https://weibo.com/6002183730/LyTqTe71Y?refer_flag=1001030103_,0,2,15
4783162368985890,2022-06-22 14:10,心爱的那捺喽怏,https://weibo.com/7696905045?refer_flag=1001030103_,#阿里女员工案被告张某将上诉#挺好的，凭啥不能上诉， ​,vivo Y30,,,,https://weibo.com/7696905045/LyTqQBHDI?refer_flag=1001030103_,0,0,0
4783162117066144,2022-06-22 14:09,互联网分析沙龙,https://weibo.com/1687445053?refer_flag=1001030103_,#阿里女员工案时间线#2021年8月7日，一名为阿里巴巴认证的女员工匿名举报，称出差遭到男领导和男客户猥亵、强奸。2021年8月7日晚间，阿里巴巴回应称：决不容忍，全力配合警方，涉嫌员工已停职接受警方调查。同时，阿里巴巴内部成立独立调查组，对此事和事发后在公司内举报全过程进行全面调查，并向全体员工公布调查结果。2021年8月8日凌晨，阿里巴巴张勇、王帅、童文红均作出回应。张勇在阿里内网发帖，得知这件事情后，震惊、气愤、羞愧。并为此事中各级主管的冷漠和没有及时处理道歉。尽管警方仍在调查阶段，但阿里内部认为，事情在员工反馈后没有得到迅速的响应处理，存在重大问题。2021年8月8日晚间，6000名阿里人关于807事件的联合倡议：公司治理存在系统性漏洞，希望建立反性侵制度。2021年8月9日，阿里公布处理决定：同城零售事业群总裁李永和和HRG徐昆引咎辞职，阿里巴巴首席人力资源官童文红记过处分，涉嫌男员工被辞退，永不录用。当日，杭州市妇联已关注此事并研究相关举措。2021年8月12日，阿里成立“反职场陋习小组”，无条件支持员工拒绝劝酒。2021年8月14日，警方通报新进展：侵害阿里女员工嫌疑人涉嫌强制猥亵，对张某、王某文依法采取刑事强制措施，没有证据证明有强奸犯罪事实发生。2021年8月15日，媒体报道警方在办案过程中对涉案人员还采取了测谎等辅助手段。2021年8月24日，王某文妻子发文：我丈夫有错无罪，周某涉嫌虚假陈述，甚至诬陷。2021年8月25日，济南市槐荫区人民检察院依法对涉嫌强制猥亵罪的张某批准逮捕，王某文涉嫌强制猥亵罪正在审查。2021年9月6日，济南市槐荫区人民检察院经依法审查，王某文实施的强制猥亵行为不构成犯罪，不批准逮捕。济南市公安局槐荫区分局依法对王某文终止侦查，拘留十五日。2021年9月7日，阿里巴巴回应，称关注到司法机关对王某文相关案件的情况通报。事实已经澄清，司法已有定论。2021年9月7日凌晨，王某文重获自由。2021年9月12日，张某妻子连发五问质疑阿里女员工周某，“是周某自己说出的酒店名称。周某你到底是真醉还是装醉？”，“三番两次的打通话让强制猥亵过自己人过去陪她，到底是猥亵还是勾引？”2021年9月13日，王某文妻子发文称：看到另一位当事人张某妻子的发文中提及周某27日晚两次主动联系张某去酒店的行为，决定与丈夫一起诉诸法律，准备就周某涉嫌违法犯罪的行为进行控告。2021年9月27日，张某妻子发文称，已向公安机关控告阿里女员工周某涉嫌故意诬告陷害自己的丈夫。2021年11月3日，张某妻子再发长文，指责周某利用颠倒黑白，毫无底线的编造虚假事实，意图使张某和王某文受到刑事追究。还详列了9条关于周某的谎言和诬陷情况，并一一反驳。2022年6月22日，济南市槐荫区人民法院一审宣判，以强制猥亵罪判处被告人张国有期徒刑一年六个月。#阿里女员工案被告张某将上诉##张国强制猥亵案一审宣判##阿里女员工案被告张某被判1年半#（转：电商报） 收起d,微博 weibo.com,,,https://wx4.sinaimg.cn/orj360/001QclxHly1h3gzo91dqcj60is0xen0802.jpg https://wx3.sinaimg.cn/thumb150/001QclxHly1h3gzocgmjij60j64yzhbk02.jpg https://wx2.sinaimg.cn/orj360/001QclxHly1h3gzo9bvskj60j611qq7o02.jpg https://wx3.sinaimg.cn/thumb150/001QclxHly1h3gzoanha0j60j64tp1kx02.jpg https://wx3.sinaimg.cn/thumb150/001QclxHly1h3gzocuhyvj60j6513e7x02.jpg https://wx4.sinaimg.cn/orj360/001QclxHly1h3gzo9cobzj60j612tq6602.jpg https://wx4.sinaimg.cn/orj360/001QclxHly1h3gzo98fczj60j60cwq3v02.jpg https://wx3.sinaimg.cn/orj360/001QclxHly1h3gzo9owzij60j60vcjxz02.jpg https://wx4.sinaimg.cn/orj360/001QclxHly1h3gzo9jp7kj60j60mlabk02.jpg,https://weibo.com/1687445053/LyTqrtEe4?refer_flag=1001030103_,18,8,20
4783162054673121,2022-06-22 14:09,来个球呀,https://weibo.com/6370457148?refer_flag=1001030103_,#阿里女员工案被告张某将上诉#看了前因后果的我，真的觉得这个判决真mD神奇 ​,荣耀Magic3 5G,,,,https://weibo.com/6370457148/LyTqljBGV?refer_flag=1001030103_,0,0,9
4783162028459046,2022-06-22 14:09,易闻飞雪,https://weibo.com/2822710692?refer_flag=1001030103_,#阿里女员工案被告张某将上诉# 更坚定了我的观点，中国整个社会里面，法制观最差的，就是法律人。很多医生看惯了生死，患者的重病也就不算什么大事了。法律人看惯了刑责和各种重案，可能冤枉不冤枉也就没那么重要了。 ​,新版微博 weibo.com,,,,https://weibo.com/2822710692/LyTqizuAe?refer_flag=1001030103_,9,13,70
4783161848369934,2022-06-22 14:08,韩东言,https://weibo.com/1874361623?refer_flag=1001030103_,想让进去的，脱罪了，不想让进去的，判刑了。这个世界就是这么魔幻。【#阿里女员工案被告张某将上诉# 当事女子周某：很委屈难过】 6月22日，济南市槐荫区人民法院依法对张某强制猥亵案一审宣判，以强制猥亵罪判处张某有期徒刑一年六个月。22日上午，当事女士周某表示，刚从新闻上看到判决结果，“不知道怎么形容自己现在的感受，这封判决书，我等了太久太久……很委屈，很难过，但没有人与我共情”。与此同时，被告人张某妻子纪女士表示，不服该判决，将上诉。（封面新闻）L封面新闻的微博视频 收起d,微博视频号,,,,https://weibo.com/1874361623/LyTq0z7oW?refer_flag=1001030103_,4,30,32
4783161608767352,2022-06-22 14:07,假装美少年,https://weibo.com/2035199081?refer_flag=1001030103_,#阿里女员工案被告张某将上诉# 当事人周女士很郁闷为什么没人跟我共情？我想尝试回答一下，不能共情的原因：1.吃饭时主动喝酒，毫无节制。2.喝多了主动趴在男人身上。3.一晚上给两个男的发短信让人来自己房间。4.以上都是自己有婚姻，对方也有家庭的情况下。简单地说不能共情的原因是：不知耻！#阿里女员工案当事女子称很委屈# 收起d,iPhone 12 Pro Max,,,https://wx2.sinaimg.cn/orj360/794eac69gy1h3gznfq00qj20u01ehqgk.jpg https://wx3.sinaimg.cn/orj360/794eac69gy1h3gzne2947j20u01ds4ey.jpg,https://weibo.com/2035199081/LyTpCAMMU?refer_flag=1001030103_,8,54,241
4783161526192604,2022-06-22 14:07,想重回109的飘子,https://weibo.com/7321992980?refer_flag=1001030103_,#阿里女员工案被告张某将上诉#上诉啥呀？冤？苍蝇不叮无缝的蛋懂吗？ ​,HUAWEI P20 Pro,,,,https://weibo.com/7321992980/LyTpupYYI?refer_flag=1001030103_,1,7,10
4783161227608519,2022-06-22 14:06,大鱼吨小鱼,https://weibo.com/6243210201?refer_flag=1001030103_,#阿里女员工案被告张某将上诉#小作文要不得。 ​,HarmonyOS设备,,,,https://weibo.com/6243210201/LyTp0vVk3?refer_flag=1001030103_,1,0,5
4783161215025248,2022-06-22 14:06,一枝杨柳满树絮,https://weibo.com/6589408480?refer_flag=1001030103_,#阿里女员工案被告张某将上诉#喜欢偷情不是？⚠️那些偷情男，不管好下半身，你姘头想怎么告你就怎么告你。 ​,iPhone客户端,,,,https://weibo.com/6589408480/LyToZl5io?refer_flag=1001030103_,1,0,24
4783160920904465,2022-06-22 14:04,北方频道,https://weibo.com/1806646411?refer_flag=1001030103_,【#阿里女员工案被告张某将上诉# 当事女子周某：很委屈难过】 6月22日，济南市槐荫区人民法院依法对张某强制猥亵案一审宣判，以强制猥亵罪判处张某有期徒刑一年六个月。22日上午，当事女士周某表示，刚从新闻上看到判决结果，“不知道怎么形容自己现在的感受，这封判决书，我等了太久太久……很委屈，很难过，但没有人与我共情”。与此同时，被告人张某妻子纪女士表示，不服该判决，将上诉。（封面新闻）L封面新闻的微博视频 收起d,微博视频号,,,,https://weibo.com/1806646411/LyTow3Ni9?refer_flag=1001030103_,0,0,0
4783160786947992,2022-06-22 14:04,孔天爱,https://weibo.com/6911317708?refer_flag=1001030103_,#阿里女员工被强制猥亵案一审宣判#判的轻了 应该三年或以上 虽然讨厌女拳 但是这次女的没有错 #阿里女员工案被告张某将上诉#为什么这么多网友和猥亵罪犯共情 张某当初也是和这些网友一样的心理吧 初相识 一起喝酒 对方举止轻浮 醉酒了 有便宜占了 赶紧上 但是 对方是什么状态什么身份 没有征得女方的同意 强行就是犯罪 张某肯定是一个大男人主义者 为自己的错误思想买单 收起d,小米6 拍人更美,,,,https://weibo.com/6911317708/LyToit9uo?refer_flag=1001030103_,0,0,0
4783160443011556,2022-06-22 14:02,江湖举人的微博,https://weibo.com/2989950685?refer_flag=1001030103_,这两个热搜放一起就很有意思。上诉时就是“阿里女员工”和“张某”，宣判时就是张国。#张国强制猥亵案一审宣判##阿里女员工案被告张某将上诉# ​,一加 9 Pro｜哈苏影像,,,https://wx3.sinaimg.cn/orj360/b23706ddgy1h3gzfr47vlj20qo089aak.jpg,https://weibo.com/2989950685/LyTnKcDru?refer_flag=1001030103_,1,9,33
4783160406313776,2022-06-22 14:02,神鸟知讯,https://weibo.com/7093268990?refer_flag=1001030103_,【#张国妻子发声#：#阿里女员工案被告张某将上诉#】6月22日，山东济南槐荫区法院对被告人张国强制猥亵案一审宣判，以强制猥亵罪判处张国有期徒刑一年六个月。#张国无认罪和悔罪表现# 澎湃新闻从张国妻子和参与庭审人士处获悉，张国当庭提出上诉。L澎湃新闻的微博视频 ​​​,iPhone客户端,,,,https://weibo.com/7093268990/LyTnGquv6?refer_flag=1001030103_,0,0,0
4783160141027056,2022-06-22 14:01,周雪松,https://weibo.com/2454236790?refer_flag=1001030103_,热点#阿里女员工案被告张某将上诉# 22日上午，当事女士周某表示，刚从新闻上看到判决结果，“不知道怎么形容自己现在的感受，这封判决书，我等了太久太久……与此同时，被告人张某妻子纪女士表示，不服该判决，将上诉。 ​,热点超话,,,,https://weibo.com/2454236790/LyTng4jbq?refer_flag=1001030103_,0,2,3
4783160116119171,2022-06-22 14:01,吃瓜少女蔑蔑酱,https://weibo.com/7644961140?refer_flag=1001030103_,#阿里女员工案被告张某将上诉#对对对，都是女的的问题，那男的咋就不能离女的远点儿啊，看看，这不就被诬告了嘛，请替被告鸣不平的男的都记着，不要靠近女人，会变得不幸 ​,OPPO Reno7 5G,,,,https://weibo.com/7644961140/LyTndpFSj?refer_flag=1001030103_,1,8,43
4783160115860184,2022-06-22 14:01,奕鑫beautiful,https://weibo.com/6704421591?refer_flag=1001030103_,#阿里女员工案被告张某将上诉#这个案很离奇。起初受害者指控的并不是现在的被告张某，而是另一个人。提起上诉是被告人张某应有的权利，结果让我们拭目以待 ​,新版微博 weibo.com,,,,https://weibo.com/6704421591/LyTndoAv6?refer_flag=1001030103_,0,1,8
4783159717137752,2022-06-22 14:00,中国青年报,https://weibo.com/1726918143?refer_flag=1001030103_,【#阿里女员工案被告张某将上诉# 当事女子周某：很委屈难过】 6月22日，济南市槐荫区人民法院依法对张某强制猥亵案一审宣判，以强制猥亵罪判处张某有期徒刑一年六个月。22日上午，当事女士周某表示，刚从新闻上看到判决结果，“不知道怎么形容自己现在的感受，这封判决书，我等了太久太久……很委屈，很难过，但没有人与我共情”。与此同时，被告人张某妻子纪女士表示，不服该判决，将上诉。（封面新闻）L封面新闻的微博视频 收起d,微博视频号,,,,https://weibo.com/1726918143/LyTmztWR2?refer_flag=1001030103_,6,5,52
4783159416458064,2022-06-22 13:58,至真至纯粹,https://weibo.com/5704597009?refer_flag=1001030103_,#阿里女员工案被告张某将上诉#我一开始看到大家说冤枉，还以为是没有发生关系呢，没发生关系的确挺冤的这发生了关系，被判一年多冤枉吗，一点都不冤枉好吧，微博喊冤喊到还以为男的清清白白呢 ​,nova4自拍极点全面屏,,,,https://weibo.com/5704597009/LyTm5r62k?refer_flag=1001030103_,0,65,154
4783159357213552,2022-06-22 13:58,奕鑫beautiful,https://weibo.com/6704421591?refer_flag=1001030103_,#阿里女员工案被告张某将上诉#果然不出所料，被告上诉了。太好了！看看二审法院会不会依法办案 ​,新版微博 weibo.com,,,,https://weibo.com/6704421591/LyTlZugzC?refer_flag=1001030103_,0,0,0
4783158987325891,2022-06-22 13:57,我是律师的朋友,https://weibo.com/2385754614?refer_flag=1001030103_,#张国妻子发声#：#阿里女员工案被告张某将上诉#6月22日，山东济南槐荫区法院对被告人张国强制猥亵案一审宣判，以强制猥亵罪判处张国有期徒刑一年六个月。#张国无认罪和悔罪表现# 澎湃新闻从张国妻子和参与庭审人士处获悉，张国当庭提出上诉。张国如今已经羁押300多天，有期徒刑一年半，基本上属于实报实销了。但张国妻子，等张国出来应该要给她立个牌坊了，如此力挺丈夫，如此不离不弃，实属难得。via：L澎湃新闻的微博视频 收起d,微博视频号,,,,https://weibo.com/2385754614/LyTlouJNx?refer_flag=1001030103_,0,1,1
4783158799107723,2022-06-22 13:56,泉网视角,https://weibo.com/5573088741?refer_flag=1001030103_,【#阿里女员工案被告张某将上诉# 当事女子周某：很委屈难过】泉州关注,泉州关注超话,,,,https://weibo.com/5573088741/LyTl5CdkL?refer_flag=1001030103_,0,0,0
4783158769747736,2022-06-22 13:56,红色灵州人,https://weibo.com/7550968034?refer_flag=1001030103_,#阿里女员工案被告张某将上诉#这个案很离奇。起初受害者指控的并不是现在的被告张某，而是另外一个人。上诉是张某的权利，结果我们拭目以待。 ​,,,,https://wx4.sinaimg.cn/orj360/008f15J0ly1h3gzb4bsvpj30m60rrq5r.jpg,https://weibo.com/7550968034/LyTl2ETPy?refer_flag=1001030103_,0,0,2
4783158485058786,2022-06-22 13:55,北仑小北,https://weibo.com/2574580884?refer_flag=1001030103_,【#阿里女员工案被告张某将上诉# 当事女子周某：很委屈难过】#阿里女员工案当事女子称很委屈# 6月22日，济南市槐荫区人民法院依法对张国强制猥亵案一审宣判，以强制猥亵罪判处张国有期徒刑一年六个月。22日上午，当事女士周某表示，刚从新闻上看到判决结果，“不知道怎么形容自己现在的感受，这封判决书，我等了太久太久……很委屈，很难过，但没有人与我共情”。与此同时，被告人张某妻子纪女士表示，不服该判决，将上诉。O网页链接 #阿里女员工案被告张某被判1年半##张国强制猥亵案一审宣判# 相关视频：via：L封面新闻的微博视频 收起d,iPhone X,,,,https://weibo.com/2574580884/LyTkAle1k?refer_flag=1001030103_,0,0,0
4783158308110622,2022-06-22 13:54,中国侨网,https://weibo.com/5137261048?refer_flag=1001030103_,【#阿里女员工案被告张某将上诉# 当事女子周某：很委屈难过】#阿里女员工案当事女子称很委屈# 6月22日，济南市槐荫区人民法院依法对张国强制猥亵案一审宣判，以强制猥亵罪判处张国有期徒刑一年六个月。22日上午，当事女士周某表示，刚从新闻上看到判决结果，“不知道怎么形容自己现在的感受，这封判决书，我等了太久太久……很委屈，很难过，但没有人与我共情”。与此同时，被告人张某妻子纪女士表示，不服该判决，将上诉。（封面新闻） #阿里女员工案被告张某被判1年半##张国强制猥亵案一审宣判# L封面新闻的微博视频 收起d,微博视频号,,,,https://weibo.com/5137261048/LyTkiy1Wu?refer_flag=1001030103_,0,0,1
4783158198801013,2022-06-22 13:54,金融八卦女,https://weibo.com/1154814715?refer_flag=1001030103_,#阿里女员工案被告张某将上诉# 当事女子周某：很委屈难过周某最先告的是男领导王某文，最后是供应商张某被判刑，这事儿越来越复杂了6月22日，济南市槐荫区人民法院依法对张国强制猥亵案一审宣判，以强制猥亵罪判处张国有期徒刑一年六个月。22日上午，当事女士周某表示，刚从新闻上看到判决结果，“不知道怎么形容自己现在的感受，这封判决书，我等了太久太久……很委屈，很难过，但没有人与我共情”。与此同时，被告人张某妻子纪女士表示，不服该判决，将上诉。O网页链接 #阿里女员工案被告张某被判1年半##张国强制猥亵案一审宣判# L封面新闻的微博视频 收起d,微博视频号,,,,https://weibo.com/1154814715/LyTk7AVxP?refer_flag=1001030103_,8,33,176
4783157982003512,2022-06-22 13:53,云南孙华林,https://weibo.com/7390336907?refer_flag=1001030103_,#阿里女员工案被告张某将上诉#肯定发生了什么，男的肯定没那么无辜#视频制作人出道计划##吸睛制作人计划# L云南孙华林的微博视频 ​,微博视频号,,,,https://weibo.com/7390336907/LyTjM8pcI?refer_flag=1001030103_,0,1,2
4783157625226166,2022-06-22 13:51,海賊章魚妹,https://weibo.com/1763666630?refer_flag=1001030103_,//@中国警方在线:张国当庭提出上诉。#张国强制猥亵案一审宣判##阿里女员工案被告张某将上诉#,iPhone,,,https://wx1.sinaimg.cn/orj360/002xAdBtly1h3gsxj5yq7j60jf0d5q4o02.jpg,https://weibo.com/1763666630/LyTjclVz0?refer_flag=1001030103_,0,0,0
4783157553662518,2022-06-22 13:51,用户7430673483,https://weibo.com/7430673483?refer_flag=1001030103_,#阿里女员工案被告张某将上诉#看看评论区，真·男犬社会 ​,vivo 全新水滴屏手机,,,,https://weibo.com/7430673483/LyTj5fmMS?refer_flag=1001030103_,0,0,0
4783157474230799,2022-06-22 13:51,天烁堃,https://weibo.com/5681777381?refer_flag=1001030103_,#阿里女员工案被告张某将上诉#她当初诬告的可是他的上司王某文，造谣欺骗，王某文工作也被搞丢了，无辜啊。另外全网也知道周女士的丈夫被主动戴了绿帽子👒，无法理解。 ​,iPhone客户端,,,,https://weibo.com/5681777381/LyTiXhKCH?refer_flag=1001030103_,0,4,13
4783157242497622,2022-06-22 13:50,你我他三个人,https://weibo.com/6002183730?refer_flag=1001030103_,#阿里女员工案被告张某将上诉#果然不出所料啊，被告上诉了。太好了！看看二审法院会不会依法办案吧。 ​,Android,,,,https://weibo.com/6002183730/LyTiAatKe?refer_flag=1001030103_,0,0,1
4783156614661495,2022-06-22 13:47,澎湃新闻,https://weibo.com/5044281310?refer_flag=1001030103_,【马上评｜酒桌上的不轨，终究会受到法律的审视】#什么是围观女性被侵害案的正确态度#近一年之后，“阿里女员工被侵害案”迎来一审判决。法院认为，被告人张国违背妇女意志，趁被害人醉酒之机猥亵被害人，其行为构成强制猥亵罪，判处被告人张国有期徒刑一年六个月。这起扰攘日久的案件，终于等来了法律上的定性：违背妇女意志，趁被害人醉酒之机猥亵被害人。本案的进程跌荡起伏，周某不是一般意义上的“完美受害人”，包括周某最先的指控是指向和自己一同出差的男同事王某文，而没有指向张国。有人认为案情已经“反转”，也有人严苛地审视被害女性，津津乐道于她的“出尔反尔”。但是，要问：猥亵行为有没有发生过？有！猥亵行为是不是违背妇女志愿？是！猥亵行为应不应该受到法律惩罚？应！猥亵行为的定性有没有因为周某本身的问题而改变？没！从这一起判决中，公众应该看到，法律为保护女性树起的高压线，想趁着酒性，对女性侵害，法律不会不管。什么是围观这类女性被侵害案的正确态度？请站在法律一边，站在证据的一边，站在自己的妻子、女儿、母亲的一边，正视受害者的“不完美”，更别忘记性侵犯罪的大是大非。酒桌上的不轨，终究会受到法律的审视。从女性角度来说，女性的性自主权受到法律保护，不因醉酒而改变。从男性的角度来说，尊重法律，尊重女性，到头来还是保护自己。这起判决再次向公众划出了这条红线。#阿里女员工案被告张某被判1年半# #阿里女员工案被告张某将上诉#O马上评｜酒桌上的不轨，终究会受到法律的审视 收起d,微博 weibo.com,,,https://wx3.sinaimg.cn/orj360/005vnhZYgy1h3gyz74mprj60j60asgm602.jpg,https://weibo.com/5044281310/LyThzjyFp?refer_flag=1001030103_,46,128,777
4783156446363739,2022-06-22 13:47,不能秃头的程序yuan,https://weibo.com/5343609917?refer_flag=1001030103_,#阿里女员工案被告张某将上诉#着实有点心疼张某。。。这个周某确实有点东西啊 ​,OPPO Reno5 Pro+ 5G,,,,https://weibo.com/5343609917/LyThiqHuX?refer_flag=1001030103_,0,1,2
4783156140180218,2022-06-22 13:45,财富时代,https://weibo.com/6882846664?refer_flag=1001030103_,#阿里女员工案被告张国妻子发声#【“阿里女员工案”张国获刑一年六个月，其妻子：他当庭上诉】#张国当庭提出上诉#6月22日，山东济南槐荫区法院对被告人张国强制猥亵案一审宣判，以强制猥亵罪判处张国有期徒刑一年六个月。澎湃新闻从张国妻子和参与庭审人士处获悉，张国当庭提出上诉。#张国强制猥亵案一审宣判# #阿里女员工案被告张某将上诉# L澎湃新闻的微博视频 收起d,微博视频号,,,,https://weibo.com/6882846664/LyTgO0KSK?refer_flag=1001030103_,0,0,1
4783156118684474,2022-06-22 13:45,猫财经,https://weibo.com/3243067320?refer_flag=1001030103_,【#阿里女员工案被告张某将上诉# 当事女子周某：很委屈难过】#阿里女员工案当事女子称很委屈# 6月22日，济南市槐荫区人民法院依法对张国强制猥亵案一审宣判，以强制猥亵罪判处张国有期徒刑一年六个月。22日上午，当事女士周某表示，刚从新闻上看到判决结果，“不知道怎么形容自己现在的感受，这封判决书，我等了太久太久……很委屈，很难过，但没有人与我共情”。与此同时，被告人张某妻子纪女士表示，不服该判决，将上诉。O网页链接 #阿里女员工案被告张某被判1年半##张国强制猥亵案一审宣判# L封面新闻的微博视频 收起d,微博视频号,,,,https://weibo.com/3243067320/LyTgLArea?refer_flag=1001030103_,0,3,4
4783156094570450,2022-06-22 13:45,双胞胎伊莲,https://weibo.com/1241909502?refer_flag=1001030103_,#阿里女员工案被告张某将上诉#都是一丘之貉，那个男上司没判刑，供应商张某判刑了，张某咽不下这口气啊！有句恶俗话：有便宜不占是傻蛋，有便宜不占白不占。这件狗血事情也警示了男人们，以后有便宜，占还是不占？还有阿里的那个女员工，哪个女人会和她共情？ ​,iPhone XS Max,,,,https://weibo.com/1241909502/LyTgJjaYW?refer_flag=1001030103_,0,0,7
4783155665964351,2022-06-22 13:44,腾德科技商学院,https://weibo.com/5937784621?refer_flag=1001030103_,#阿里女员工案被告张某将上诉#人生就是这样充满了大起大合，你永远不会知道下一刻会发生什么，也不会明白命运为何这样待你。只有在你经历了人生种种变故之后，你才会褪尽了最初的浮华，以一种谦卑的姿态看待这个世界。 ​​​,微博搜索,,,,https://weibo.com/5937784621/LyTg2p1Bd?refer_flag=1001030103_,0,0,0
4783154919116440,2022-06-22 13:41,新闻晨报,https://weibo.com/1314608344?refer_flag=1001030103_,【阿里女员工案被告当庭提出上诉 当事女子周某：很委屈难过】6月22日，济南市槐荫区人民法院依法对张国强制猥亵案一审宣判，以强制猥亵罪判处张国有期徒刑一年六个月。#阿里女员工案被告张某被判1年半# 22日上午，当事女士周某表示，刚从新闻上看到判决结果，“不知道怎么形容自己现在的感受，这封判决书，我等了太久太久……很委屈，很难过，但没有人与我共情”。与此同时，被告人张某妻子纪女士表示，不服该判决，将上诉。据澎湃新闻，张国当庭提出上诉。#阿里女员工案被告张某将上诉#（封面新闻、澎湃新闻）L澎湃新闻的微博视频 收起d,微博视频号,,,,https://weibo.com/1314608344/LyTePCfBm?refer_flag=1001030103_,4,5,12
4783154738760035,2022-06-22 13:40,敲响青春,https://weibo.com/7355026544?refer_flag=1001030103_,#阿里女员工案被告张某将上诉# 静等结果，相信真相总会来到！看看事件脉络吧 ​,微博 weibo.com,,,https://wx2.sinaimg.cn/orj360/0081KWoogy1h3gyu0i12tj30l40mlq55.jpg https://wx4.sinaimg.cn/orj360/0081KWoogy1h3gyu0i065j30i50mcaca.jpg https://wx1.sinaimg.cn/orj360/0081KWoogy1h3gyu0g0ztj30jq0mogno.jpg https://wx2.sinaimg.cn/orj360/0081KWoogy1h3gyu0fw77j30ib0mr40f.jpg,https://weibo.com/7355026544/LyTexAKST?refer_flag=1001030103_,0,10,30
4783154218668162,2022-06-22 13:38,古古然,https://weibo.com/1890662484?refer_flag=1001030103_,共情是什么东西#阿里女员工案被告张某将上诉# L古古然的微博视频 ​,微博视频号,,,,https://weibo.com/1890662484/LyTdHAmZ4?refer_flag=1001030103_,0,4,23
4783154202149344,2022-06-22 13:38,老板联播,https://weibo.com/5994003317?refer_flag=1001030103_,【#张国妻子发声#：#阿里女员工案被告张某将上诉#】6月22日，山东济南槐荫区法院对被告人张国强制猥亵案一审宣判，以强制猥亵罪判处张国有期徒刑一年六个月。#张国无认罪和悔罪表现# 澎湃新闻从张国妻子和参与庭审人士处获悉，张国当庭提出上诉。L澎湃新闻的微博视频 ​,微博视频号,,,,https://weibo.com/5994003317/LyTdG918Q?refer_flag=1001030103_,0,1,3
4783153971988968,2022-06-22 13:37,拳拳爆锤,https://weibo.com/1406054250?refer_flag=1001030103_,呵呵//@中国警方在线:张国当庭提出上诉。#张国强制猥亵案一审宣判##阿里女员工案被告张某将上诉#,新版微博 weibo.com,,,https://wx1.sinaimg.cn/orj360/002xAdBtly1h3gsxj5yq7j60jf0d5q4o02.jpg,https://weibo.com/1406054250/LyTdj8lq8?refer_flag=1001030103_,0,0,0
4783153963077065,2022-06-22 13:37,黑塞去过的地方都有南洋杉树,https://weibo.com/6517657978?refer_flag=1001030103_,#阿里女员工案被告张某将上诉#可以上诉，但不管怎么说你也实施了，大不了是拖女的一起下水，这女主可真有意思 ​,vivo S7t轻薄自拍旗舰,,,,https://weibo.com/6517657978/LyTdicUu5?refer_flag=1001030103_,0,0,0
4783153647978465,2022-06-22 13:35,封面新闻,https://weibo.com/1496814565?refer_flag=1001030103_,6月22日，张国强制猥亵案一审宣判，其因强制猥亵罪被判处有期徒刑一年六个月。随后，#阿里女员工案被告张某将上诉#，你怎么看？ 你怎么看？ ​,微博 weibo.com,,,,https://weibo.com/1496814565/LyTcMxtyV?refer_flag=1001030103_,8,8,5929
4783153627793545,2022-06-22 13:35,星语寒寒,https://weibo.com/1310076623?refer_flag=1001030103_,#阿里女员工案被告张某将上诉#这是当时阿里女员工自述的事件过程，很详细！！！#阿里女员工案当事女子称很委屈#我甚至到现在没搞懂她为什么找公司处理？为什么不直接报警！ L星语寒寒的微博视频 ​​​,HarmonyOS设备,,,,https://weibo.com/1310076623/LyTcKwHsl?refer_flag=1001030103_,8,29,146
4783153585062182,2022-06-22 13:35,跟生活和解,https://weibo.com/5242649370?refer_flag=1001030103_,#阿里女员工案被告张某将上诉#不管他上不上诉，做出这种事，他都应该被全社会谴责！！ ​,HUAWEI nova 2 Plus,,,,https://weibo.com/5242649370/LyTcGleU6?refer_flag=1001030103_,0,0,0
4783153447961649,2022-06-22 13:35,红山晚报,https://weibo.com/2416547272?refer_flag=1001030103_,【#阿里女员工案被告张某将上诉# 当事女子周某：很委屈难过】#阿里女员工案当事女子称很委屈# 6月22日，济南市槐荫区人民法院依法对张国强制猥亵案一审宣判，以强制猥亵罪判处张国有期徒刑一年六个月。22日上午，当事女士周某表示，刚从新闻上看到判决结果，“不知道怎么形容自己现在的感受，这封判决书，我等了太久太久……很委屈，很难过，但没有人与我共情”。与此同时，被告人张某妻子纪女士表示，不服该判决，将上诉。O网页链接 #阿里女员工案被告张某被判1年半##张国强制猥亵案一审宣判# 相关视频：L封面新闻的微博视频 收起d,微博视频号,,,,https://weibo.com/2416547272/LyTcsxpbH?refer_flag=1001030103_,14,14,15
4783153137059410,2022-06-22 13:33,高速路上遛蛾子,https://weibo.com/5940830924?refer_flag=1001030103_,#阿里女员工案被告张某将上诉#关注张某妻子，公检法在整个司法程序中有很多不公正，一个程序公正都做不到的案子，结果怎么可能公正？ ​,iPhone客户端,,,,https://weibo.com/5940830924/LyTbXtCts?refer_flag=1001030103_,0,0,0
4783152369240504,2022-06-22 13:30,内江高新公安,https://weibo.com/6568416443?refer_flag=1001030103_,//@中国警方在线:张国当庭提出上诉。#张国强制猥亵案一审宣判##阿里女员工案被告张某将上诉#,iPhone 11 Pro,,,https://wx1.sinaimg.cn/orj360/002xAdBtly1h3gsxj5yq7j60jf0d5q4o02.jpg,https://weibo.com/6568416443/LyTaICLSo?refer_flag=1001030103_,1,2,2
4783152159787283,2022-06-22 13:30,山泥若的猪,https://weibo.com/7538240697?refer_flag=1001030103_,#阿里女员工案被告张某将上诉#我一直不喜欢微博女拳，但这事设身处地的想，我还是站女方 ​,iPhone客户端,,,,https://weibo.com/7538240697/LyTanF47p?refer_flag=1001030103_,0,3,11
4783151731443608,2022-06-22 13:28,896汽车调频,https://weibo.com/2781027274?refer_flag=1001030103_,【#阿里女员工案被告张某将上诉# 当事女子周某：很委屈难过】#阿里女员工案当事女子称很委屈# 6月22日，济南市槐荫区人民法院依法对张国强制猥亵案一审宣判，以强制猥亵罪判处张国有期徒刑一年六个月。22日上午，当事女士周某表示，刚从新闻上看到判决结果，“不知道怎么形容自己现在的感受，这封判决书，我等了太久太久……很委屈，很难过，但没有人与我共情”。与此同时，被告人张某妻子纪女士表示，不服该判决，将上诉。O网页链接 #阿里女员工案被告张某被判1年半##张国强制猥亵案一审宣判# （封面新闻）L封面新闻的微博视频 收起d,iPhone客户端,,,,https://weibo.com/2781027274/LyT9H63y0?refer_flag=1001030103_,0,0,0
4783151539553275,2022-06-22 13:27,中国警方在线,https://weibo.com/2328516855?refer_flag=1001030103_,张国当庭提出上诉。#张国强制猥亵案一审宣判##阿里女员工案被告张某将上诉#,360安全浏览器,,,https://wx1.sinaimg.cn/orj360/002xAdBtly1h3gsxj5yq7j60jf0d5q4o02.jpg,https://weibo.com/2328516855/LyT9nE5f5?refer_flag=1001030103_,12,18,130
4783151496564851,2022-06-22 13:27,钱多多旺,https://weibo.com/6893936719?refer_flag=1001030103_,#阿里女员工案被告张某将上诉#不明白为何那么多的人冷嘲热讽原告… ​,HUAWEI Mate 40 Pro,,,,https://weibo.com/6893936719/LyT9jrxOH?refer_flag=1001030103_,0,21,112
4783151426310444,2022-06-22 13:27,大圣书斋,https://weibo.com/2341771593?refer_flag=1001030103_,【#阿里女员工案被告张某将上诉# 当事女子周某：很委屈难过】#阿里女员工案当事女子称很委屈# 6月22日，济南市槐荫区人民法院依法对张国强制猥亵案一审宣判，以强制猥亵罪判处张国有期徒刑一年六个月。22日上午，当事女士周某表示，刚从新闻上看到判决结果，“不知道怎么形容自己现在的感受，这封判决书，我等了太久太久……很委屈，很难过，但没有人与我共情”。与此同时，被告人张某妻子纪女士表示，不服该判决，将上诉。O网页链接 #阿里女员工案被告张某被判1年半##张国强制猥亵案一审宣判# 相关视频：L封面新闻的微博视频#微博vc计划# ​#微博新知博主##五个一百正能量##视野##民生##万象##热点##天下##社会热门# 收起d,被偷的手机Android,,,,https://weibo.com/2341771593/LyT9cqtDm?refer_flag=1001030103_,0,0,0
4783151215547056,2022-06-22 13:26,亦明章,https://weibo.com/2431592360?refer_flag=1001030103_,#阿里女员工案被告张某将上诉#是实是冤？谁说的清呢 ​,iPhone,,,,https://weibo.com/2431592360/LyT8Rnh2E?refer_flag=1001030103_,0,1,1
4783151161019666,2022-06-22 13:26,新浪新闻,https://weibo.com/2028810631?refer_flag=1001030103_,【#阿里女员工案被告张某将上诉# 当事女子周某：很委屈难过】6月22日，济南市槐荫区人民法院依法对张国强制猥亵案一审宣判，以强制猥亵罪判处张国有期徒刑一年六个月。22日上午，当事女士周某表示，刚从新闻上看到判决结果，“不知道怎么形容自己现在的感受，这封判决书，我等了太久太久……很委屈，很难过，但没有人与我共情”。与此同时，被告人张某妻子纪女士表示，不服该判决，将上诉。@封面新闻 L封面新闻的微博视频 收起d,微博视频号,,,,https://weibo.com/2028810631/LyT8M4hge?refer_flag=1001030103_,14,33,255
4783150955234417,2022-06-22 13:25,护肤问丛叔,https://weibo.com/1093315657?refer_flag=1001030103_,#阿里女员工案被告张某将上诉#上诉，你好意思上诉吗？除非你没有这种行为！ ​,HUAWEI Mate 20 Pro,,,,https://weibo.com/1093315657/LyT8rlXI5?refer_flag=1001030103_,0,18,64
4783150662423201,2022-06-22 13:24,凔海之泪,https://weibo.com/7511148139?refer_flag=1001030103_,拿起法律武器，#阿里女员工案被告张某将上诉#维护自身利益！ 6月22日，济南市槐荫区人民法院依法对张国强制猥亵案一审宣判，以强制猥亵罪判处张国有期徒刑一年六个月。#阿里女员工案当事女子称很委屈# ，但最终还是法院还张女士一个公道！ ​,,,,https://wx3.sinaimg.cn/orj360/008ck0KDgy1h3gydlycozj30u01t0dtr.jpg,https://weibo.com/7511148139/LyT7YaanT?refer_flag=1001030103_,2,1,4
4783150637257133,2022-06-22 13:24,平坝检察,https://weibo.com/5416587244?refer_flag=1001030103_,【#阿里女员工案被告张某将上诉# 被告人妻子：不服该判决】#阿里女员工案当事女子称很委屈# 6月22日，济南市槐荫区人民法院依法对张国强制猥亵案一审宣判，以强制猥亵罪判处张国有期徒刑一年六个月。22日上午，当事女士周某表示，刚从新闻上看到判决结果，“不知道怎么形容自己现在的感受，这封判决书，我等了太久太久……很委屈，很难过，但没有人与我共情”。与此同时，被告人张某妻子纪女士表示，不服该判决，将上诉。L封面新闻的微博视频​ 收起d,微博视频号,,,,https://weibo.com/5416587244/LyT7VurUx?refer_flag=1001030103_,0,0,0
4783150440386018,2022-06-22 13:23,九派新闻,https://weibo.com/7516679696?refer_flag=1001030103_,【#阿里女员工案张某妻子回应判决#：有证人能证明周某当时清醒，她发的小作文造成社会影响】6月22日，“阿里女员工案”一审宣判， 嫌犯张国以强制猥亵罪判处有期徒刑一年六个月。对此，@阿里女员工案张某妻子 表示，当时在庭上都抽搐了，会上诉到底。她说，法院认定周某不知道反抗了，但是有证人可以证明周某是清醒的。她表示，是因为#法院认定张国无认罪悔罪表现#和周某发的小作文造成的社会影响，丈夫才被判刑1年半。#阿里女员工案被告张某将上诉#@九派新闻 L九派新闻的微博视频 收起d,微博视频号,,,,https://weibo.com/7516679696/LyT7C1Cq6?refer_flag=1001030103_,0,5,14
4783150268417590,2022-06-22 13:22,老板联播,https://weibo.com/5994003317?refer_flag=1001030103_,【#张国无认罪和悔罪表现# #阿里女员工案被告张某将上诉#，当事女子周某：很委屈难过】 6月22日，济南市槐荫区人民法院依法对张国强制猥亵案一审宣判，以强制猥亵罪判处张国有期徒刑一年六个月。22日上午，当事女士周某表示，刚从新闻上看到判决结果，“不知道怎么形容自己现在的感受，这封判决书，我等了太久太久……很委屈，很难过，但没有人与我共情”。与此同时，被告人张某妻子纪女士表示，不服该判决，将上诉。#阿里女员工案被告张某被判1年半#  L封面新闻的微博视频 收起d,微博视频号,,,,https://weibo.com/5994003317/LyT7kzjNA?refer_flag=1001030103_,1,4,12
4783150112445291,2022-06-22 13:21,赤峰日报,https://weibo.com/2532292007?refer_flag=1001030103_,【#阿里女员工案被告张某将上诉# 当事女子周某：很委屈难过】#阿里女员工案当事女子称很委屈# 6月22日，济南市槐荫区人民法院依法对张国强制猥亵案一审宣判，以强制猥亵罪判处张国有期徒刑一年六个月。22日上午，当事女士周某表示，刚从新闻上看到判决结果，“不知道怎么形容自己现在的感受，这封判决书，我等了太久太久……很委屈，很难过，但没有人与我共情”。与此同时，被告人张某妻子纪女士表示，不服该判决，将上诉。O网页链接 #阿里女员工案被告张某被判1年半##张国强制猥亵案一审宣判# 相关视频：L封面新闻的微博视频 收起d,iPhone客户端,,,,https://weibo.com/2532292007/LyT75ag8b?refer_flag=1001030103_,1,0,3
4783149693277921,2022-06-22 13:20,繁鸢,https://weibo.com/3136241307?refer_flag=1001030103_,#阿里女员工案被告张某将上诉#评论又在发疯？ ​,,,,,https://weibo.com/3136241307/LyT6pdKJH?refer_flag=1001030103_,0,0,2
4783148565531651,2022-06-22 13:15,西部网,https://weibo.com/1650414555?refer_flag=1001030103_,【#阿里女员工案被告张某将上诉# 当事女子周某：很委屈难过】#阿里女员工案当事女子称很委屈# 6月22日，济南市槐荫区人民法院依法对张国强制猥亵案一审宣判，以强制猥亵罪判处张国有期徒刑一年六个月。22日上午，当事女士周某表示，刚从新闻上看到判决结果，“不知道怎么形容自己现在的感受，这封判决书，我等了太久太久……很委屈，很难过，但没有人与我共情”。与此同时，被告人张某妻子纪女士表示，不服该判决，将上诉。O网页链接 #阿里女员工案被告张某被判1年半##张国强制猥亵案一审宣判# （封面新闻）L封面新闻的微博视频 收起d,微博视频号,,,,https://weibo.com/1650414555/LyT4And2b?refer_flag=1001030103_,0,3,1
4783145687975629,2022-06-22 13:04,金融投资报,https://weibo.com/1878561790?refer_flag=1001030103_,【阿里女员工被强制猥亵案宣判，被告张某无认罪、悔罪表现，获刑一年半】#阿里巴巴# #阿里巴巴女员工被侵害# #阿里女员工案被告张某被判1年半# #阿里女员工案被告张某将上诉#  L金融投资报的微博视频 ​,微博视频号,,,,https://weibo.com/1878561790/LySZWxsPb?refer_flag=1001030103_,0,0,4
4783145478260028,2022-06-22 13:03,洋瓷碗说陕西,https://weibo.com/5299540371?refer_flag=1001030103_,【#阿里女员工案被告张某将上诉# 当事女子周某：很委屈难过】#阿里女员工案当事女子称很委屈# 6月22日，济南市槐荫区人民法院依法对张国强制猥亵案一审宣判，以强制猥亵罪判处张国有期徒刑一年六个月。22日上午，当事女士周某表示，刚从新闻上看到判决结果，“不知道怎么形容自己现在的感受，这封判决书，我等了太久太久……很委屈，很难过，但没有人与我共情”。与此同时，被告人张某妻子纪女士表示，不服该判决，将上诉。O网页链接 #阿里女员工案被告张某被判1年半##张国强制猥亵案一审宣判# 相关视频：L封面新闻的微博视频 收起d,舆论追踪Android,,,,https://weibo.com/5299540371/LySZByEOg?refer_flag=1001030103_,0,0,2
4783140315332667,2022-06-22 12:42,难舍深蓝,https://weibo.com/6016020391?refer_flag=1001030103_,#阿里女员工案被告张某将上诉##阿里女员工案当事女子称很委屈# 表示，不服该判决，将上诉。 ​,,,,https://wx1.sinaimg.cn/orj360/006z8BIXgy1h3gx6lsblfj30m61awq9e.jpg,https://weibo.com/6016020391/LySRhmngL?refer_flag=1001030103_,0,1,2
4783139505309116,2022-06-22 12:39,长安马爷,https://weibo.com/1432973704?refer_flag=1001030103_,#阿里女员工案被告张某将上诉#这女的一看就不是好东西，满嘴谎言，微博信息分析，明显主动约炮却栽赃陷害，借机想捞好处，并且打击报复自己上司，这周女得数罪并罚判三年。 ​,HUAWEI P40 5G,,,,https://weibo.com/1432973704/LySPYmh8U?refer_flag=1001030103_,0,0,55
4783138453064327,2022-06-22 12:35,荼百道,https://weibo.com/6442563778?refer_flag=1001030103_,#金锣玉米肠被曝吃出黑色硬物#//#惠州救助女子遭围殴老板首度发声##阿里女员工案被告张某将上诉#大家关注一下，唐山又爆出比打人案更恶劣的案件，一位唐山阿姨实名举报原唐山市古冶区公安分局局长李树军在2018年扫黑除恶“买处jian幼”恶性案件中充当保护伞，致使涉案的40多人脱网，最终只有两名犯罪人员落网，其他涉案人员并未被追究法律责任…#唐山民警虚报出警时间需要给一个交代#小茶的小基地 L荼百道的微博视频 收起d,小茶的小基地超话,,,,https://weibo.com/6442563778/LySOhcRaD?refer_flag=1001030103_,71,37,598
4783137315883817,2022-06-22 12:31,于海青,https://weibo.com/1340529235?refer_flag=1001030103_,终于有了这么一个结果。,,,,,https://weibo.com/1340529235/LySMroGEh?refer_flag=1001030103_,0,0,2
4783134858020553,2022-06-22 12:21,烟台电视台,https://weibo.com/1874271142?refer_flag=1001030103_,【#阿里女员工案被告张某将上诉# 当事女子周某：很委屈难过】6月22日，济南市槐荫区人民法院依法对#张国强制猥亵案一审宣判#，以强制猥亵罪判处张国有期徒刑一年六个月。22日上午，当事女士周某表示，刚从新闻上看到判决结果，“不知道怎么形容自己现在的感受，这封判决书，我等了太久太久……很委屈，很难过，但没有人与我共情”。与此同时，被告人张某妻子纪女士表示，不服该判决，将上诉。#阿里女员工案被告张某被判1年半# L封面新闻的微博视频 收起d,iPhone客户端,,,,https://weibo.com/1874271142/LySItxEvL?refer_flag=1001030103_,1,0,1
4783133671557209,2022-06-22 12:16,财智孙国英,https://weibo.com/2752375765?refer_flag=1001030103_,【#阿里女员工案被告张某将上诉# 当事女子周某：很委屈难过】#阿里女员工案当事女子称很委屈# 6月22日，济南市槐荫区人民法院依法对张国强制猥亵案一审宣判，以强制猥亵罪判处张国有期徒刑一年六个月。22日上午，当事女士周某表示，刚从新闻上看到判决结果，“不知道怎么形容自己现在的感受，这封判决书，我等了太久太久……很委屈，很难过，但没有人与我共情”。与此同时，被告人张某妻子纪女士表示，不服该判决，将上诉。O网页链接 #阿里女员工案被告张某被判1年半##张国强制猥亵案一审宣判# 相关视频：L封面新闻的微博视频 2郑州·中科院计算技术研究所大数据研究院院士办公室 收起d,微博视频号,http://t.cn/A6fr5Mga,郑州·中科院计算技术研究所大数据研究院院士办公室,,https://weibo.com/2752375765/LySGz6x6h?refer_flag=1001030103_,0,0,0
4783132340913373,2022-06-22 12:11,澎湃新闻,https://weibo.com/5044281310?refer_flag=1001030103_,#阿里女员工案被告张国妻子发声#【“阿里女员工案”张国获刑一年六个月，其妻子：他当庭上诉】#张国当庭提出上诉#6月22日，山东济南槐荫区法院对被告人张国强制猥亵案一审宣判，以强制猥亵罪判处张国有期徒刑一年六个月。澎湃新闻从张国妻子和参与庭审人士处获悉，张国当庭提出上诉。#张国强制猥亵案一审宣判##阿里女员工案被告张某将上诉#O“阿里女员工案”张国获刑一年六个月，其妻子：他当庭上诉  L澎湃新闻的微博视频 收起d,微博视频号,,,,https://weibo.com/5044281310/LySEq3PBP?refer_flag=1001030103_,33,85,460
4783131754237267,2022-06-22 12:08,宋伟微博,https://weibo.com/1267564540?refer_flag=1001030103_,【#阿里女员工案被告张某将上诉# 当事女子周某：很委屈难过】#阿里女员工案当事女子称很委屈# 6月22日，济南市槐荫区人民法院依法对张国强制猥亵案一审宣判，以强制猥亵罪判处张国有期徒刑一年六个月。22日上午，当事女士周某表示，刚从新闻上看到判决结果，“不知道怎么形容自己现在的感受，这封判决书，我等了太久太久……很委屈，很难过，但没有人与我共情”。与此同时，被告人张某妻子纪女士表示，不服该判决，将上诉。O网页链接 #阿里女员工案被告张某被判1年半##张国强制猥亵案一审宣判# 相关视频：L封面新闻的微博视频 收起d,微博视频号,,,,https://weibo.com/1267564540/LySDthMj1?refer_flag=1001030103_,0,0,0
4783130919834496,2022-06-22 12:05,电商行业,https://weibo.com/2437229713?refer_flag=1001030103_,#阿里女员工案被告张某将上诉# 张某强制猥亵被判一年六个月，张某妻子：不服该判决，将上诉。阿里女员工案当事人周某：很委屈，很难过，但没有人与我共情。（封面新闻）#张国强制猥亵案一审宣判##阿里女员工案被告张某被判1年半#   查看图片,微博 weibo.com,,,https://wx2.sinaimg.cn/orj360/002EWmMFgy1h3gsqj2anjj60u01tjn5p02.jpg https://wx2.sinaimg.cn/orj360/002EWmMFgy1h3gsyiblgij60u012kq6x02.jpg,https://weibo.com/2437229713/LySC7FgoU?refer_flag=1001030103_,29,13,30
4783129514479319,2022-06-22 12:00,网易财经,https://weibo.com/1974561081?refer_flag=1001030103_,【#阿里女员工案被告张某将上诉# 当事女子周某：很委屈难过】#阿里女员工案当事女子称很委屈# 6月22日，济南市槐荫区人民法院依法对张国强制猥亵案一审宣判，以强制猥亵罪判处张国有期徒刑一年六个月。22日上午，当事女士周某表示，刚从新闻上看到判决结果，“不知道怎么形容自己现在的感受，这封判决书，我等了太久太久……很委屈，很难过，但没有人与我共情”。与此同时，被告人张某妻子纪女士表示，不服该判决，将上诉。L封面新闻的微博视频 收起d,微博视频号,,,,https://weibo.com/1974561081/LySzRiNh5?refer_flag=1001030103_,1,5,9
4783129380783219,2022-06-22 11:59,博卡青年626,https://weibo.com/2002341525?refer_flag=1001030103_,#阿里女员工案被告张某被判1年半# 【#阿里女员工案被告张某将上诉# 当事女子周某：很委屈难过】6月22日，济南市槐荫区人民法院依法对#张国强制猥亵案一审宣判#，以强制猥亵罪判处张国有期徒刑一年六个月。22日上午，当事女士周某表示，刚从新闻上看到判决结果，“不知道怎么形容自己现在的感受，这封判决书，我等了太久太久……很委屈，很难过，但没有人与我共情”。与此同时，被告人张某妻子纪女士表示，不服该判决，将上诉L封面新闻的微博视频 收起d,微博视频号,,,,https://weibo.com/2002341525/LySzE3hKz?refer_flag=1001030103_,1,5,2
4783129312625977,2022-06-22 11:59,广西交通台,https://weibo.com/1838687261?refer_flag=1001030103_,【#阿里女员工案被告张某将上诉# 当事女子周某：很委屈难过】#阿里女员工案当事女子称很委屈# 6月22日，济南市槐荫区人民法院依法对张国强制猥亵案一审宣判，以强制猥亵罪判处张国有期徒刑一年六个月。22日上午，当事女士周某表示，刚从新闻上看到判决结果，“不知道怎么形容自己现在的感受，这封判决书，我等了太久太久……很委屈，很难过，但没有人与我共情”。与此同时，被告人张某妻子纪女士表示，不服该判决，将上诉。O网页链接 #阿里女员工案被告张某被判1年半##张国强制猥亵案一审宣判# 相关视频：L封面新闻的微博视频 收起d,iPhone客户端,,,,https://weibo.com/1838687261/LySzxb18t?refer_flag=1001030103_,0,1,2
4783128994909343,2022-06-22 11:58,包头晚报,https://weibo.com/1899956213?refer_flag=1001030103_,【#阿里女员工案被告张某将上诉# 当事女子周某：很委屈难过】#阿里女员工案当事女子称很委屈# 6月22日，济南市槐荫区人民法院依法对张国强制猥亵案一审宣判，以强制猥亵罪判处张国有期徒刑一年六个月。22日上午，当事女士周某表示，刚从新闻上看到判决结果，“不知道怎么形容自己现在的感受，这封判决书，我等了太久太久……很委屈，很难过，但没有人与我共情”。与此同时，被告人张某妻子纪女士表示，不服该判决，将上诉。O网页链接 #阿里女员工案被告张某被判1年半##张国强制猥亵案一审宣判# 相关视频：L封面新闻的微博视频 收起d,微博视频号,,,,https://weibo.com/1899956213/LySz1kB8X?refer_flag=1001030103_,0,0,0
4783128974197467,2022-06-22 11:57,胡江波在北京,https://weibo.com/1417206603?refer_flag=1001030103_,#阿里女员工案被告张某将上诉# 当事女子周某：很委屈难过。#阿里女员工案当事女子称很委屈#6月22日，济南市槐荫区人民法院依法对张国强制猥亵案一审宣判，以强制猥亵罪判处张国有期徒刑一年六个月。22日上午，当事女士周某表示，刚从新闻上看到判决结果，“不知道怎么形容自己现在的感受，这封判决书，我等了太久太久……很委屈，很难过，但没有人与我共情”。张国妻子纪女士通过电话告诉封面记者，不服该判决，将上诉。此前张国妻子曾对媒体表示，她认为张国无罪。张国代理律师冯延强介绍，今天张国以视频连线方式出庭，“法官宣读完判决后，询问张国是否上诉，张国说要上诉。” #阿里女员工案被告张某被判1年半##张国强制猥亵案一审宣判# via 封面新闻 L胡江波在北京的微博视频 收起d,微博视频号,,,,https://weibo.com/1417206603/LySyZhBX5?refer_flag=1001030103_,19,31,46
4783128587538844,2022-06-22 11:56,千龙网中国首都网,https://weibo.com/3215951873?refer_flag=1001030103_,【#阿里女员工案被告张某将上诉# 当事女子周某：很委屈难过】#阿里女员工案当事女子称很委屈# 6月22日，济南市槐荫区人民法院依法对张国强制猥亵案一审宣判，以强制猥亵罪判处张国有期徒刑一年六个月。22日上午，当事女士周某表示，刚从新闻上看到判决结果，“不知道怎么形容自己现在的感受，这封判决书，我等了太久太久……很委屈，很难过，但没有人与我共情”。与此同时，被告人张某妻子纪女士表示，不服该判决，将上诉。#阿里女员工案被告张某被判1年半##张国强制猥亵案一审宣判# @封面新闻  L封面新闻的微博视频 收起d,微博 weibo.com,,,,https://weibo.com/3215951873/LySymvDcg?refer_flag=1001030103_,0,0,0
4783127253748597,2022-06-22 11:51,世话假说,https://weibo.com/6259291358?refer_flag=1001030103_,#阿里女员工案被告张某将上诉#张某的妻子纪某真是有容nai大，丈夫这么流氓还护着，真是个中国好妻子。 ​,HUAWEI P30,,,,https://weibo.com/6259291358/LySwdfJbf?refer_flag=1001030103_,1,5,15
4783127026992395,2022-06-22 11:50,一点资讯,https://weibo.com/3515267842?refer_flag=1001030103_,【#阿里女员工案被告张某将上诉# 当事女子周某：很委屈难过】#阿里女员工案当事女子称很委屈# 6月22日，济南市槐荫区人民法院依法对张国强制猥亵案一审宣判，以强制猥亵罪判处张国有期徒刑一年六个月。张某以视频连线方式出庭，当庭表示要上诉。22日上午，当事女士周某表示，刚从新闻上看到判决结果，“不知道怎么形容自己现在的感受，这封判决书，我等了太久太久……很委屈，很难过，但没有人与我共情”。O阿里女员工案被告张某将上诉 当事女子周某：很委屈难过 L封面新闻的微博视频 收起d,微博 weibo.com,,,,https://weibo.com/3515267842/LySvQtl2z?refer_flag=1001030103_,0,0,1
4783126977449658,2022-06-22 11:50,北京头条,https://weibo.com/1644948230?refer_flag=1001030103_,【#阿里女员工案被告张某将上诉# 当事女子周某：很委屈难过】6月22日，济南市槐荫区人民法院依法对#张国强制猥亵案一审宣判#，以强制猥亵罪判处张国有期徒刑一年六个月。22日上午，当事女士周某表示，刚从新闻上看到判决结果，“不知道怎么形容自己现在的感受，这封判决书，我等了太久太久……很委屈，很难过，但没有人与我共情”。与此同时，被告人张某妻子纪女士表示，不服该判决，将上诉。#阿里女员工案被告张某被判1年半# L封面新闻的微博视频 收起d,微博 weibo.com,,,,https://weibo.com/1644948230/LySvLvfZM?refer_flag=1001030103_,3,7,24
4783126289058352,2022-06-22 11:47,京津冀之声FM1006,https://weibo.com/7567711638?refer_flag=1001030103_,【#阿里女员工案被告张某被判1年半##阿里女员工案被告张某将上诉# 当事女子周某：很委屈难过】 6月22日，济南市槐荫区人民法院依法对张国强制猥亵案一审宣判，以强制猥亵罪判处张国有期徒刑一年六个月。22日上午，当事女士周某表示，刚从新闻上看到判决结果，“不知道怎么形容自己现在的感受，这封判决书，我等了太久太久……很委屈，很难过，但没有人与我共情”。与此同时，被告人张某妻子纪女士表示，不服该判决，将上诉。L封面新闻的微博视频 收起d,HUAWEI Mate 40 Pro,,,,https://weibo.com/7567711638/LySuEC0us?refer_flag=1001030103_,0,0,1
4783125399343166,2022-06-22 11:43,潼关检察,https://weibo.com/5380882701?refer_flag=1001030103_,【#阿里女员工案被告张某将上诉# 当事女子周某：很委屈难过】#阿里女员工案当事女子称很委屈# 6月22日，济南市槐荫区人民法院依法对张国强制猥亵案一审宣判，以强制猥亵罪判处张国有期徒刑一年六个月。22日上午，当事女士周某表示，刚从新闻上看到判决结果，“不知道怎么形容自己现在的感受，这封判决书，我等了太久太久……很委屈，很难过，但没有人与我共情”。与此同时，被告人张某妻子纪女士表示，不服该判决，将上诉。L封面新闻的微博视频 收起d,新版微博 weibo.com,,,,https://weibo.com/5380882701/LyStdDcAe?refer_flag=1001030103_,0,7,2
4783125224491340,2022-06-22 11:43,商洛中院,https://weibo.com/2175409884?refer_flag=1001030103_,【#阿里女员工案被告张某将上诉#当事女子周某：很委屈难过】#阿里女员工案当事女子称很委屈# 6月22日，济南市槐荫区人民法院依法对张国强制猥亵案一审宣判，以强制猥亵罪判处张国有期徒刑一年六个月。22日上午，当事女士周某表示，刚从新闻上看到判决结果，“不知道怎么形容自己现在的感受，这封判决书，我等了太久太久……很委屈，很难过，但没有人与我共情”。与此同时，被告人张某妻子纪女士表示，不服该判决，将上诉。O网页链接 #阿里女员工案被告张某被判1年半##张国强制猥亵案一审宣判# 相关cr.封面新闻L封面新闻的微博视频 收起d,荣耀50 5G,,,,https://weibo.com/2175409884/LySsWiQoY?refer_flag=1001030103_,0,0,2
4783124925907503,2022-06-22 11:41,新界视频,https://weibo.com/1294967085?refer_flag=1001030103_,【#阿里女员工案被告张某将上诉# 当事女子周某：很委屈难过】#阿里女员工案当事女子称很委屈# 6月22日，济南市槐荫区人民法院依法对张国强制猥亵案一审宣判，以强制猥亵罪判处张国有期徒刑一年六个月。22日上午，当事女士周某表示，刚从新闻上看到判决结果，“不知道怎么形容自己现在的感受，这封判决书，我等了太久太久……很委屈，很难过，但没有人与我共情”。与此同时，被告人张某妻子纪女士表示，不服该判决，将上诉。#阿里女员工案被告张某被判1年半##张国强制猥亵案一审宣判# L封面新闻的微博视频 收起d,微博 weibo.com,,,,https://weibo.com/1294967085/LySssoMOj?refer_flag=1001030103_,0,0,0
4783124695487265,2022-06-22 11:40,连云港法院,https://weibo.com/3746916281?refer_flag=1001030103_,【#阿里女员工案被告张某将上诉# 当事女子周某：很委屈难过】#阿里女员工案当事女子称很委屈# 6月22日，济南市槐荫区人民法院依法对张国强制猥亵案一审宣判，以强制猥亵罪判处张国有期徒刑一年六个月。22日上午，当事女士周某表示，刚从新闻上看到判决结果，“不知道怎么形容自己现在的感受，这封判决书，我等了太久太久……很委屈，很难过，但没有人与我共情”。与此同时，被告人张某妻子纪女士表示，不服该判决，将上诉。O网页链接 #阿里女员工案被告张某被判1年半##张国强制猥亵案一审宣判# 相关视频：L封面新闻的微博视频 收起d,HUAWEI P30 Pro,,,,https://weibo.com/3746916281/LySs5n1uh?refer_flag=1001030103_,0,1,2
4783123768541421,2022-06-22 11:37,北京青年报,https://weibo.com/1749990115?refer_flag=1001030103_,【#阿里女员工案被告张某将上诉# 当事女子周某：很委屈难过】#阿里女员工案当事女子称很委屈# 6月22日，济南市槐荫区人民法院依法对张国强制猥亵案一审宣判，以强制猥亵罪判处张国有期徒刑一年六个月。22日上午，当事女士周某表示，刚从新闻上看到判决结果，“不知道怎么形容自己现在的感受，这封判决书，我等了太久太久……很委屈，很难过，但没有人与我共情”。与此同时，被告人张某妻子纪女士表示，不服该判决，将上诉。#阿里女员工案被告张某被判1年半##张国强制猥亵案一审宣判#L封面新闻的微博视频 收起d,微博 weibo.com,,,,https://weibo.com/1749990115/LySqAzQ0R?refer_flag=1001030103_,5,21,50
4783121335846421,2022-06-22 11:27,拆台CT,https://weibo.com/6059492811?refer_flag=1001030103_,#张国强制猥亵案一审宣判#6月22日，“前阿里女员工被猥亵案”有了新进展，济南市槐荫区人民法院依法对被告人张国强制猥X案一审公开宣判，以强制猥X罪判处张国有期徒刑一年六个月。当日上午，当事人周女士回复告诉封面新闻记者，她表示，刚从新闻上看到判决结果，“不知道怎么形容自己现在的感受，这封判决书，我等了太久太久……很委屈，很难过，但没有人与我共情”。张国妻子纪女士则通过电话告诉封面新闻记者，不服该判决，将上诉。此前张国妻子曾对媒体表示，她认为张国无罪。张国代理律师冯延强介绍，今天张国以视频连线方式出庭，“法官宣读完判决后，询问张国是否上诉，张国说要上诉。”#阿里女员工案被告张某将上诉# 收起d,,,,https://wx4.sinaimg.cn/orj360/006C50T1ly1h3gv0cfc2ej30u049q7wh.jpg,https://weibo.com/6059492811/LySmFowV7?refer_flag=1001030103_,6,20,71
4783118815068469,2022-06-22 11:17,封面新闻,https://weibo.com/1496814565?refer_flag=1001030103_,【#阿里女员工案被告张某将上诉# 当事女子周某：很委屈难过】#阿里女员工案当事女子称很委屈# 6月22日，济南市槐荫区人民法院依法对张国强制猥亵案一审宣判，以强制猥亵罪判处张国有期徒刑一年六个月。22日上午，当事女士周某表示，刚从新闻上看到判决结果，“不知道怎么形容自己现在的感受，这封判决书，我等了太久太久……很委屈，很难过，但没有人与我共情”。与此同时，被告人张某妻子纪女士表示，不服该判决，将上诉。O网页链接 #阿里女员工案被告张某被判1年半##张国强制猥亵案一审宣判# 相关视频：L封面新闻的微博视频 收起d,新版微博 weibo.com,,,,https://weibo.com/1496814565/LySiBlgxv?refer_flag=1001030103_,923,3474,51733
